symbol,period_close_epoch,received_at_ms,processed_at_ms,delivery_latency_ms,processing_latency_ms
RDBULL,1784956080,1784956140396,1784956140401,396,5
stpRNG3,1784956080,1784956140405,1784956140406,405,1
stpRNG5,1784956080,1784956140407,1784956140410,407,3
stpRNG2,1784956080,1784956140411,1784956140412,411,1
stpRNG,1784956080,1784956140413,1784956140414,413,1
stpRNG4,1784956080,1784956140418,1784956140419,418,1
stpRNG4,1784956140,1784956200389,1784956200390,389,1
stpRNG,1784956140,1784956200392,1784956200393,392,1
stpRNG3,1784956140,1784956200395,1784956200396,395,1
stpRNG2,1784956140,1784956200397,1784956200398,397,1
stpRNG5,1784956140,1784956200401,1784956200402,401,1
RDBULL,1784956140,1784956200403,1784956200404,403,1
stpRNG4,1784956200,1784956260395,1784956260396,395,1
stpRNG,1784956200,1784956260398,1784956260400,398,2
stpRNG3,1784956200,1784956260402,1784956260404,402,2
stpRNG5,1784956200,1784956260407,1784956260408,407,1
stpRNG2,1784956200,1784956260410,1784956260412,410,2
RDBULL,1784956200,1784956260413,1784956260414,413,1
RDBULL,1784956260,1784956320352,1784956320353,352,1
stpRNG3,1784956260,1784956320354,1784956320356,354,2
stpRNG2,1784956260,1784956320358,1784956320359,358,1
stpRNG5,1784956260,1784956320360,1784956320361,360,1
stpRNG,1784956260,1784956320362,1784956320364,362,2
stpRNG4,1784956260,1784956320368,1784956320371,368,3
stpRNG4,1784956320,1784956380389,1784956380390,389,1
stpRNG,1784956320,1784956380391,1784956380393,391,2
stpRNG3,1784956320,1784956380395,1784956380396,395,1
stpRNG2,1784956320,1784956380397,1784956380397,397,0
stpRNG5,1784956320,1784956380398,1784956380399,398,1
RDBULL,1784956320,1784956380400,1784956380400,400,0
stpRNG2,1784956380,1784956440378,1784956440379,378,1
stpRNG5,1784956380,1784956440381,1784956440383,381,2
stpRNG3,1784956380,1784956440385,1784956440389,385,4
RDBULL,1784956380,1784956440390,1784956440390,390,0
stpRNG4,1784956380,1784956440391,1784956440391,391,0
stpRNG,1784956380,1784956440392,1784956440392,392,0
stpRNG,1784956440,1784956500384,1784956500385,384,1
stpRNG4,1784956440,1784956500387,1784956500389,387,2
RDBULL,1784956440,1784956500391,1784956500391,391,0
stpRNG3,1784956440,1784956500392,1784956500392,392,0
stpRNG5,1784956440,1784956500393,1784956500393,393,0
stpRNG2,1784956440,1784956500394,1784956500394,394,0
stpRNG4,1784956500,1784956560384,1784956560385,384,1
stpRNG,1784956500,1784956560387,1784956560391,387,4
stpRNG5,1784956500,1784956560393,1784956560393,393,0
stpRNG2,1784956500,1784956560394,1784956560395,394,1
stpRNG3,1784956500,1784956560396,1784956560396,396,0
RDBULL,1784956500,1784956560397,1784956560397,397,0
RDBULL,1784956560,1784956620478,1784956620479,478,1
stpRNG2,1784956560,1784956620481,1784956620482,481,1
stpRNG5,1784956560,1784956620483,1784956620484,483,1
stpRNG3,1784956560,1784956620486,1784956620486,486,0
stpRNG,1784956560,1784956620487,1784956620487,487,0
stpRNG4,1784956560,1784956620488,1784956620488,488,0
stpRNG4,1784956620,1784956680391,1784956680392,391,1
stpRNG,1784956620,1784956680395,1784956680396,395,1
stpRNG2,1784956620,1784956680397,1784956680398,397,1
stpRNG5,1784956620,1784956680398,1784956680399,398,1
stpRNG3,1784956620,1784956680400,1784956680401,400,1
RDBULL,1784956620,1784956680402,1784956680403,402,1
stpRNG4,1784956680,1784956740326,1784956740326,326,0
stpRNG,1784956680,1784956740328,1784956740330,328,2
stpRNG3,1784956680,1784956740332,1784956740333,332,1
stpRNG5,1784956680,1784956740336,1784956740338,336,2
stpRNG2,1784956680,1784956740339,1784956740341,339,2
RDBULL,1784956680,1784956740342,1784956740343,342,1
stpRNG4,1784956740,1784956800370,1784956800370,370,0
stpRNG,1784956740,1784956800372,1784956800373,372,1
stpRNG3,1784956740,1784956800374,1784956800375,374,1
stpRNG2,1784956740,1784956800376,1784956800377,376,1
stpRNG5,1784956740,1784956800378,1784956800379,378,1
RDBULL,1784956740,1784956800380,1784956800381,380,1
stpRNG,1784956800,1784956860308,1784956860309,308,1
stpRNG4,1784956800,1784956860310,1784956860312,310,2
RDBULL,1784956800,1784956860314,1784956860315,314,1
stpRNG3,1784956800,1784956860315,1784956860316,315,1
stpRNG5,1784956800,1784956860317,1784956860317,317,0
stpRNG2,1784956800,1784956860319,1784956860319,319,0
stpRNG4,1784956860,1784956920351,1784956920352,351,1
stpRNG,1784956860,1784956920354,1784956920356,354,2
stpRNG5,1784956860,1784956920357,1784956920358,357,1
stpRNG2,1784956860,1784956920360,1784956920360,360,0
stpRNG3,1784956860,1784956920361,1784956920362,361,1
RDBULL,1784956860,1784956920363,1784956920364,363,1
stpRNG4,1784956920,1784956980333,1784956980333,333,0
stpRNG,1784956920,1784956980335,1784956980336,335,1
stpRNG3,1784956920,1784956980337,1784956980338,337,1
stpRNG5,1784956920,1784956980339,1784956980340,339,1
stpRNG2,1784956920,1784956980340,1784956980341,340,1
RDBULL,1784956920,1784956980341,1784956980342,341,1
stpRNG4,1784956980,1784957040565,1784957040566,565,1
stpRNG,1784956980,1784957040568,1784957040569,568,1
stpRNG3,1784956980,1784957040572,1784957040572,572,0
stpRNG5,1784956980,1784957040573,1784957040573,573,0
stpRNG2,1784956980,1784957040574,1784957040574,574,0
RDBULL,1784956980,1784957040575,1784957040575,575,0
stpRNG4,1784957040,1784957100711,1784957100712,711,1
stpRNG,1784957040,1784957100713,1784957100714,713,1
stpRNG2,1784957040,1784957100715,1784957100716,715,1
stpRNG5,1784957040,1784957100717,1784957100718,717,1
stpRNG3,1784957040,1784957100719,1784957100719,719,0
RDBULL,1784957040,1784957100720,1784957100720,720,0
stpRNG4,1784957100,1784957160635,1784957160636,635,1
stpRNG,1784957100,1784957160638,1784957160639,638,1
stpRNG3,1784957100,1784957160640,1784957160641,640,1
stpRNG2,1784957100,1784957160642,1784957160643,642,1
stpRNG5,1784957100,1784957160644,1784957160644,644,0
RDBULL,1784957100,1784957160646,1784957160647,646,1
RDBULL,1784957160,1784957220308,1784957220309,308,1
stpRNG3,1784957160,1784957220310,1784957220310,310,0
stpRNG2,1784957160,1784957220311,1784957220311,311,0
stpRNG5,1784957160,1784957220312,1784957220312,312,0
stpRNG,1784957160,1784957220313,1784957220314,313,1
stpRNG4,1784957160,1784957220314,1784957220315,314,1
stpRNG,1784957220,1784957280347,1784957280348,347,1
stpRNG4,1784957220,1784957280350,1784957280351,350,1
RDBULL,1784957220,1784957280353,1784957280354,353,1
stpRNG3,1784957220,1784957280356,1784957280356,356,0
stpRNG2,1784957220,1784957280358,1784957280358,358,0
stpRNG5,1784957220,1784957280360,1784957280361,360,1
stpRNG3,1784957280,1784957340313,1784957340313,313,0
stpRNG2,1784957280,1784957340314,1784957340314,314,0
stpRNG5,1784957280,1784957340315,1784957340315,315,0
RDBULL,1784957280,1784957340316,1784957340316,316,0
stpRNG4,1784957280,1784957340318,1784957340318,318,0
stpRNG,1784957280,1784957340319,1784957340320,319,1
RDBULL,1784957340,1784957400297,1784957400298,297,1
stpRNG3,1784957340,1784957400299,1784957400300,299,1
stpRNG5,1784957340,1784957400303,1784957400304,303,1
stpRNG2,1784957340,1784957400306,1784957400307,306,1
stpRNG,1784957340,1784957400308,1784957400308,308,0
stpRNG4,1784957340,1784957400310,1784957400311,310,1
stpRNG,1784957400,1784957460289,1784957460290,289,1
stpRNG4,1784957400,1784957460292,1784957460293,292,1
RDBULL,1784957400,1784957460294,1784957460295,294,1
stpRNG3,1784957400,1784957460297,1784957460297,297,0
stpRNG2,1784957400,1784957460299,1784957460300,299,1
stpRNG5,1784957400,1784957460304,1784957460306,304,2
stpRNG5,1784957460,1784957520278,1784957520279,278,1
stpRNG2,1784957460,1784957520280,1784957520281,280,1
stpRNG3,1784957460,1784957520283,1784957520283,283,0
RDBULL,1784957460,1784957520284,1784957520284,284,0
stpRNG4,1784957460,1784957520285,1784957520285,285,0
stpRNG,1784957460,1784957520286,1784957520286,286,0
stpRNG4,1784957520,1784957580337,1784957580338,337,1
stpRNG,1784957520,1784957580339,1784957580339,339,0
stpRNG3,1784957520,1784957580340,1784957580340,340,0
stpRNG2,1784957520,1784957580341,1784957580343,341,2
stpRNG5,1784957520,1784957580346,1784957580346,346,0
RDBULL,1784957520,1784957580347,1784957580347,347,0
RDBULL,1784957580,1784957640271,1784957640272,271,1
stpRNG2,1784957580,1784957640274,1784957640274,274,0
stpRNG5,1784957580,1784957640276,1784957640277,276,1
stpRNG3,1784957580,1784957640279,1784957640279,279,0
stpRNG,1784957580,1784957640281,1784957640282,281,1
stpRNG4,1784957580,1784957640283,1784957640284,283,1
RDBULL,1784957640,1784957700297,1784957700298,297,1
stpRNG3,1784957640,1784957700300,1784957700300,300,0
stpRNG2,1784957640,1784957700304,1784957700305,304,1
stpRNG5,1784957640,1784957700306,1784957700307,306,1
stpRNG,1784957640,1784957700308,1784957700309,308,1
stpRNG4,1784957640,1784957700310,1784957700311,310,1
RDBULL,1784957640,1784957700380,1784957700384,380,4
stpRNG3,1784957640,1784957700387,1784957700388,387,1
stpRNG2,1784957640,1784957700391,1784957700393,391,2
stpRNG5,1784957640,1784957700395,1784957700397,395,2
stpRNG,1784957640,1784957700398,1784957700399,398,1
stpRNG4,1784957640,1784957700402,1784957700404,402,2
stpRNG,1784957700,1784957760295,1784957760296,295,1
stpRNG4,1784957700,1784957760297,1784957760298,297,1
RDBULL,1784957700,1784957760300,1784957760300,300,0
stpRNG2,1784957700,1784957760303,1784957760305,303,2
stpRNG5,1784957700,1784957760307,1784957760307,307,0
stpRNG3,1784957700,1784957760309,1784957760309,309,0
stpRNG,1784957700,1784957760362,1784957760363,362,1
stpRNG4,1784957700,1784957760364,1784957760364,364,0
RDBULL,1784957700,1784957760366,1784957760366,366,0
stpRNG2,1784957700,1784957760367,1784957760368,367,1
stpRNG5,1784957700,1784957760370,1784957760372,370,2
stpRNG3,1784957700,1784957760373,1784957760373,373,0
stpRNG4,1784957760,1784957820317,1784957820318,317,1
stpRNG,1784957760,1784957820320,1784957820321,320,1
stpRNG5,1784957760,1784957820322,1784957820323,322,1
stpRNG2,1784957760,1784957820324,1784957820324,324,0
stpRNG3,1784957760,1784957820325,1784957820325,325,0
RDBULL,1784957760,1784957820326,1784957820326,326,0
stpRNG4,1784957760,1784957820332,1784957820332,332,0
stpRNG,1784957760,1784957820333,1784957820333,333,0
stpRNG5,1784957760,1784957820335,1784957820335,335,0
stpRNG2,1784957760,1784957820336,1784957820336,336,0
stpRNG3,1784957760,1784957820337,1784957820339,337,2
RDBULL,1784957760,1784957820339,1784957820340,339,1
stpRNG4,1784957820,1784957880335,1784957880336,335,1
stpRNG,1784957820,1784957880339,1784957880340,339,1
stpRNG3,1784957820,1784957880342,1784957880344,342,2
stpRNG5,1784957820,1784957880347,1784957880347,347,0
stpRNG2,1784957820,1784957880349,1784957880349,349,0
RDBULL,1784957820,1784957880351,1784957880352,351,1
stpRNG4,1784957820,1784957880378,1784957880379,378,1
stpRNG,1784957820,1784957880380,1784957880381,380,1
stpRNG3,1784957820,1784957880382,1784957880383,382,1
stpRNG5,1784957820,1784957880384,1784957880386,384,2
stpRNG2,1784957820,1784957880388,1784957880390,388,2
RDBULL,1784957820,1784957880391,1784957880391,391,0
stpRNG,1784957880,1784957940297,1784957940300,297,3
stpRNG4,1784957880,1784957940328,1784957940328,328,0
RDBULL,1784957880,1784957940329,1784957940329,329,0
stpRNG,1784957880,1784957940365,1784957940366,365,1
stpRNG5,1784957880,1784957940375,1784957940375,375,0
stpRNG4,1784957880,1784957940375,1784957940375,375,0
RDBULL,1784957880,1784957940376,1784957940377,376,1
stpRNG5,1784957880,1784957940377,1784957940378,377,1
stpRNG2,1784957880,1784957940378,1784957940379,378,1
stpRNG3,1784957880,1784957940379,1784957940379,379,0
stpRNG2,1784957880,1784957940380,1784957940380,380,0
stpRNG3,1784957880,1784957940381,1784957940383,381,2
stpRNG4,1784957940,1784958000331,1784958000332,331,1
stpRNG,1784957940,1784958000333,1784958000334,333,1
stpRNG5,1784957940,1784958000339,1784958000340,339,1
stpRNG2,1784957940,1784958000343,1784958000344,343,1
stpRNG3,1784957940,1784958000346,1784958000347,346,1
RDBULL,1784957940,1784958000349,1784958000350,349,1
RDBULL,1784958000,1784958060338,1784958060340,338,2
stpRNG3,1784958000,1784958060342,1784958060344,342,2
stpRNG5,1784958000,1784958060345,1784958060346,345,1
stpRNG2,1784958000,1784958060347,1784958060348,347,1
stpRNG,1784958000,1784958060350,1784958060350,350,0
stpRNG4,1784958000,1784958060354,1784958060355,354,1
stpRNG4,1784958060,1784958120333,1784958120334,333,1
stpRNG,1784958060,1784958120337,1784958120338,337,1
stpRNG3,1784958060,1784958120341,1784958120341,341,0
stpRNG2,1784958060,1784958120342,1784958120342,342,0
stpRNG5,1784958060,1784958120343,1784958120343,343,0
RDBULL,1784958060,1784958120344,1784958120344,344,0
stpRNG3,1784958120,1784958180275,1784958180276,275,1
stpRNG5,1784958120,1784958180278,1784958180279,278,1
stpRNG2,1784958120,1784958180280,1784958180281,280,1
RDBULL,1784958120,1784958180282,1784958180283,282,1
stpRNG4,1784958120,1784958180285,1784958180286,285,1
stpRNG,1784958120,1784958180288,1784958180288,288,0
stpRNG4,1784958180,1784958240355,1784958240355,355,0
stpRNG,1784958180,1784958240356,1784958240356,356,0
stpRNG2,1784958180,1784958240357,1784958240357,357,0
stpRNG5,1784958180,1784958240357,1784958240358,357,1
stpRNG3,1784958180,1784958240358,1784958240358,358,0
RDBULL,1784958180,1784958240359,1784958240359,359,0
stpRNG,1784958240,1784958300331,1784958300331,331,0
stpRNG4,1784958240,1784958300332,1784958300332,332,0
RDBULL,1784958240,1784958300333,1784958300333,333,0
stpRNG5,1784958240,1784958300334,1784958300335,334,1
stpRNG2,1784958240,1784958300335,1784958300336,335,1
stpRNG3,1784958240,1784958300338,1784958300339,338,1
stpRNG5,1784958300,1784958360354,1784958360355,354,1
stpRNG2,1784958300,1784958360357,1784958360358,357,1
stpRNG3,1784958300,1784958360360,1784958360360,360,0
RDBULL,1784958300,1784958360362,1784958360362,362,0
stpRNG4,1784958300,1784958360363,1784958360364,363,1
stpRNG,1784958300,1784958360366,1784958360366,366,0
stpRNG4,1784958360,1784958420337,1784958420340,337,3
stpRNG,1784958360,1784958420342,1784958420344,342,2
stpRNG5,1784958360,1784958420346,1784958420347,346,1
stpRNG2,1784958360,1784958420348,1784958420349,348,1
stpRNG3,1784958360,1784958420351,1784958420352,351,1
RDBULL,1784958360,1784958420353,1784958420354,353,1
stpRNG3,1784958420,1784958480334,1784958480335,334,1
stpRNG2,1784958420,1784958480335,1784958480336,335,1
stpRNG5,1784958420,1784958480337,1784958480338,337,1
RDBULL,1784958420,1784958480341,1784958480342,341,1
stpRNG4,1784958420,1784958480343,1784958480344,343,1
stpRNG,1784958420,1784958480346,1784958480346,346,0
RDBULL,1784958480,1784958540327,1784958540328,327,1
stpRNG3,1784958480,1784958540330,1784958540330,330,0
stpRNG5,1784958480,1784958540332,1784958540332,332,0
stpRNG2,1784958480,1784958540334,1784958540335,334,1
stpRNG,1784958480,1784958540339,1784958540340,339,1
stpRNG4,1784958480,1784958540341,1784958540342,341,1
RDBULL,1784958540,1784958600334,1784958600334,334,0
stpRNG3,1784958540,1784958600335,1784958600336,335,1
stpRNG5,1784958540,1784958600338,1784958600338,338,0
stpRNG2,1784958540,1784958600340,1784958600341,340,1
stpRNG,1784958540,1784958600342,1784958600343,342,1
stpRNG4,1784958540,1784958600344,1784958600344,344,0
RDBULL,1784958600,1784958660333,1784958660335,333,2
stpRNG5,1784958600,1784958660336,1784958660337,336,1
stpRNG2,1784958600,1784958660340,1784958660341,340,1
stpRNG3,1784958600,1784958660342,1784958660343,342,1
stpRNG,1784958600,1784958660345,1784958660345,345,0
stpRNG4,1784958600,1784958660347,1784958660347,347,0
RDBULL,1784958660,1784958720295,1784958720296,295,1
stpRNG3,1784958660,1784958720298,1784958720298,298,0
stpRNG5,1784958660,1784958720301,1784958720301,301,0
stpRNG2,1784958660,1784958720302,1784958720303,302,1
stpRNG,1784958660,1784958720305,1784958720306,305,1
stpRNG4,1784958660,1784958720309,1784958720309,309,0
RDBULL,1784958660,1784958720327,1784958720331,327,4
stpRNG3,1784958660,1784958720333,1784958720335,333,2
stpRNG5,1784958660,1784958720337,1784958720339,337,2
stpRNG2,1784958660,1784958720341,1784958720342,341,1
stpRNG,1784958660,1784958720343,1784958720343,343,0
stpRNG4,1784958660,1784958720344,1784958720345,344,1
stpRNG3,1784958720,1784958780293,1784958780295,293,2
stpRNG5,1784958720,1784958780297,1784958780297,297,0
stpRNG2,1784958720,1784958780299,1784958780299,299,0
RDBULL,1784958720,1784958780300,1784958780301,300,1
stpRNG4,1784958720,1784958780303,1784958780304,303,1
stpRNG,1784958720,1784958780306,1784958780307,306,1
stpRNG3,1784958720,1784958780324,1784958780325,324,1
stpRNG5,1784958720,1784958780327,1784958780327,327,0
stpRNG2,1784958720,1784958780329,1784958780329,329,0
RDBULL,1784958720,1784958780330,1784958780331,330,1
stpRNG4,1784958720,1784958780332,1784958780332,332,0
stpRNG,1784958720,1784958780333,1784958780333,333,0
stpRNG4,1784958780,1784958840323,1784958840324,323,1
stpRNG,1784958780,1784958840326,1784958840327,326,1
stpRNG3,1784958780,1784958840328,1784958840329,328,1
stpRNG2,1784958780,1784958840330,1784958840331,330,1
stpRNG5,1784958780,1784958840331,1784958840332,331,1
RDBULL,1784958780,1784958840332,1784958840333,332,1
stpRNG4,1784958780,1784958840340,1784958840340,340,0
stpRNG,1784958780,1784958840341,1784958840342,341,1
stpRNG3,1784958780,1784958840343,1784958840343,343,0
stpRNG2,1784958780,1784958840344,1784958840344,344,0
stpRNG5,1784958780,1784958840345,1784958840345,345,0
RDBULL,1784958780,1784958840346,1784958840347,346,1
stpRNG2,1784958840,1784958900285,1784958900287,285,2
stpRNG5,1784958840,1784958900289,1784958900290,289,1
stpRNG3,1784958840,1784958900292,1784958900292,292,0
RDBULL,1784958840,1784958900293,1784958900293,293,0
stpRNG4,1784958840,1784958900294,1784958900294,294,0
stpRNG,1784958840,1784958900295,1784958900295,295,0
stpRNG2,1784958840,1784958900331,1784958900331,331,0
stpRNG5,1784958840,1784958900332,1784958900332,332,0
stpRNG3,1784958840,1784958900333,1784958900334,333,1
RDBULL,1784958840,1784958900334,1784958900335,334,1
stpRNG4,1784958840,1784958900336,1784958900336,336,0
stpRNG,1784958840,1784958900337,1784958900337,337,0
stpRNG2,1784958900,1784958960324,1784958960325,324,1
stpRNG5,1784958900,1784958960326,1784958960327,326,1
stpRNG3,1784958900,1784958960328,1784958960329,328,1
RDBULL,1784958900,1784958960329,1784958960330,329,1
stpRNG4,1784958900,1784958960330,1784958960330,330,0
stpRNG,1784958900,1784958960331,1784958960331,331,0
stpRNG2,1784958900,1784958960367,1784958960367,367,0
stpRNG5,1784958900,1784958960368,1784958960369,368,1
stpRNG3,1784958900,1784958960369,1784958960370,369,1
RDBULL,1784958900,1784958960370,1784958960371,370,1
stpRNG4,1784958900,1784958960372,1784958960373,372,1
stpRNG,1784958900,1784958960374,1784958960375,374,1
stpRNG,1784958960,1784959020283,1784959020283,283,0
stpRNG4,1784958960,1784959020284,1784959020284,284,0
RDBULL,1784958960,1784959020285,1784959020286,285,1
stpRNG2,1784958960,1784959020286,1784959020287,286,1
stpRNG5,1784958960,1784959020287,1784959020287,287,0
stpRNG3,1784958960,1784959020289,1784959020289,289,0
stpRNG,1784958960,1784959020336,1784959020337,336,1
stpRNG4,1784958960,1784959020339,1784959020340,339,1
RDBULL,1784958960,1784959020342,1784959020343,342,1
stpRNG2,1784958960,1784959020344,1784959020344,344,0
stpRNG5,1784958960,1784959020345,1784959020346,345,1
stpRNG3,1784958960,1784959020346,1784959020347,346,1
stpRNG,1784959020,1784959080293,1784959080294,293,1
stpRNG4,1784959020,1784959080295,1784959080296,295,1
RDBULL,1784959020,1784959080298,1784959080298,298,0
stpRNG5,1784959020,1784959080299,1784959080300,299,1
stpRNG2,1784959020,1784959080301,1784959080302,301,1
stpRNG3,1784959020,1784959080304,1784959080304,304,0
stpRNG,1784959020,1784959080318,1784959080320,318,2
stpRNG4,1784959020,1784959080321,1784959080322,321,1
RDBULL,1784959020,1784959080324,1784959080326,324,2
stpRNG5,1784959020,1784959080327,1784959080327,327,0
stpRNG2,1784959020,1784959080328,1784959080329,328,1
stpRNG3,1784959020,1784959080330,1784959080334,330,4
stpRNG4,1784959080,1784959140331,1784959140332,331,1
stpRNG,1784959080,1784959140332,1784959140333,332,1
stpRNG3,1784959080,1784959140333,1784959140334,333,1
stpRNG5,1784959080,1784959140334,1784959140335,334,1
stpRNG2,1784959080,1784959140336,1784959140336,336,0
RDBULL,1784959080,1784959140337,1784959140337,337,0
stpRNG4,1784959080,1784959140381,1784959140382,381,1
stpRNG,1784959080,1784959140383,1784959140383,383,0
stpRNG3,1784959080,1784959140384,1784959140385,384,1
stpRNG5,1784959080,1784959140386,1784959140386,386,0
stpRNG2,1784959080,1784959140387,1784959140388,387,1
RDBULL,1784959080,1784959140389,1784959140390,389,1
stpRNG2,1784959140,1784959200326,1784959200326,326,0
stpRNG5,1784959140,1784959200328,1784959200328,328,0
stpRNG3,1784959140,1784959200330,1784959200330,330,0
RDBULL,1784959140,1784959200331,1784959200331,331,0
stpRNG4,1784959140,1784959200332,1784959200333,332,1
stpRNG,1784959140,1784959200334,1784959200334,334,0
stpRNG2,1784959140,1784959200522,1784959200524,522,2
stpRNG5,1784959140,1784959200526,1784959200527,526,1
stpRNG3,1784959140,1784959200527,1784959200527,527,0
RDBULL,1784959140,1784959200528,1784959200529,528,1
stpRNG4,1784959140,1784959200529,1784959200530,529,1
stpRNG,1784959140,1784959200530,1784959200530,530,0
stpRNG4,1784959200,1784959260293,1784959260294,293,1
stpRNG,1784959200,1784959260296,1784959260296,296,0
stpRNG5,1784959200,1784959260298,1784959260299,298,1
stpRNG2,1784959200,1784959260300,1784959260301,300,1
stpRNG3,1784959200,1784959260303,1784959260303,303,0
RDBULL,1784959200,1784959260306,1784959260307,306,1
stpRNG4,1784959200,1784959260325,1784959260326,325,1
stpRNG,1784959200,1784959260327,1784959260327,327,0
stpRNG5,1784959200,1784959260328,1784959260328,328,0
stpRNG2,1784959200,1784959260329,1784959260330,329,1
stpRNG3,1784959200,1784959260330,1784959260331,330,1
RDBULL,1784959200,1784959260331,1784959260333,331,2
stpRNG,1784959260,1784959320328,1784959320329,328,1
stpRNG4,1784959260,1784959320330,1784959320331,330,1
RDBULL,1784959260,1784959320333,1784959320333,333,0
stpRNG3,1784959260,1784959320335,1784959320335,335,0
stpRNG2,1784959260,1784959320337,1784959320338,337,1
stpRNG5,1784959260,1784959320342,1784959320342,342,0
stpRNG,1784959260,1784959320421,1784959320422,421,1
stpRNG4,1784959260,1784959320425,1784959320426,425,1
RDBULL,1784959260,1784959320428,1784959320428,428,0
stpRNG3,1784959260,1784959320430,1784959320432,430,2
stpRNG2,1784959260,1784959320433,1784959320434,433,1
stpRNG5,1784959260,1784959320435,1784959320436,435,1
RDBULL,1784959320,1784959380337,1784959380338,337,1
stpRNG2,1784959320,1784959380339,1784959380339,339,0
stpRNG5,1784959320,1784959380341,1784959380341,341,0
RDBULL,1784959320,1784959380341,1784959380341,341,0
stpRNG3,1784959320,1784959380342,1784959380343,342,1
stpRNG2,1784959320,1784959380343,1784959380343,343,0
stpRNG,1784959320,1784959380344,1784959380344,344,0
stpRNG4,1784959320,1784959380346,1784959380346,346,0
stpRNG5,1784959320,1784959380346,1784959380346,346,0
stpRNG3,1784959320,1784959380347,1784959380347,347,0
stpRNG,1784959320,1784959380347,1784959380348,347,1
stpRNG4,1784959320,1784959380348,1784959380349,348,1
stpRNG4,1784959380,1784959440322,1784959440322,322,0
stpRNG4,1784959380,1784959440322,1784959440323,322,1
stpRNG,1784959380,1784959440324,1784959440325,324,1
stpRNG5,1784959380,1784959440326,1784959440327,326,1
stpRNG,1784959380,1784959440326,1784959440327,326,1
stpRNG2,1784959380,1784959440328,1784959440328,328,0
stpRNG3,1784959380,1784959440330,1784959440330,330,0
stpRNG5,1784959380,1784959440330,1784959440331,330,1
stpRNG2,1784959380,1784959440332,1784959440333,332,1
RDBULL,1784959380,1784959440332,1784959440333,332,1
stpRNG3,1784959380,1784959440334,1784959440334,334,0
RDBULL,1784959380,1784959440335,1784959440336,335,1
RDBULL,1784959440,1784959500321,1784959500322,321,1
RDBULL,1784959440,1784959500321,1784959500322,321,1
stpRNG2,1784959440,1784959500325,1784959500326,325,1
stpRNG2,1784959440,1784959500325,1784959500326,325,1
stpRNG5,1784959440,1784959500327,1784959500327,327,0
stpRNG5,1784959440,1784959500327,1784959500327,327,0
stpRNG3,1784959440,1784959500327,1784959500328,327,1
stpRNG3,1784959440,1784959500328,1784959500328,328,0
stpRNG,1784959440,1784959500328,1784959500328,328,0
stpRNG4,1784959440,1784959500329,1784959500329,329,0
stpRNG,1784959440,1784959500328,1784959500329,328,1
stpRNG4,1784959440,1784959500330,1784959500330,330,0
stpRNG,1784959500,1784959560334,1784959560335,334,1
stpRNG4,1784959500,1784959560337,1784959560337,337,0
RDBULL,1784959500,1784959560340,1784959560342,340,2
stpRNG,1784959500,1784959560343,1784959560343,343,0
stpRNG5,1784959500,1784959560343,1784959560344,343,1
stpRNG4,1784959500,1784959560345,1784959560345,345,0
stpRNG2,1784959500,1784959560345,1784959560345,345,0
RDBULL,1784959500,1784959560346,1784959560346,346,0
stpRNG3,1784959500,1784959560346,1784959560347,346,1
stpRNG5,1784959500,1784959560348,1784959560348,348,0
stpRNG2,1784959500,1784959560349,1784959560349,349,0
stpRNG3,1784959500,1784959560349,1784959560349,349,0
RDBULL,1784959560,1784959620333,1784959620334,333,1
stpRNG5,1784959560,1784959620336,1784959620337,336,1
stpRNG2,1784959560,1784959620340,1784959620341,340,1
stpRNG3,1784959560,1784959620343,1784959620345,343,2
stpRNG,1784959560,1784959620346,1784959620347,346,1
stpRNG4,1784959560,1784959620349,1784959620350,349,1
RDBULL,1784959560,1784959620419,1784959620420,419,1
stpRNG5,1784959560,1784959620424,1784959620425,424,1
stpRNG2,1784959560,1784959620428,1784959620429,428,1
stpRNG3,1784959560,1784959620431,1784959620432,431,1
stpRNG,1784959560,1784959620434,1784959620434,434,0
stpRNG4,1784959560,1784959620436,1784959620437,436,1
stpRNG5,1784959620,1784959680322,1784959680323,322,1
stpRNG2,1784959620,1784959680326,1784959680327,326,1
stpRNG3,1784959620,1784959680329,1784959680329,329,0
RDBULL,1784959620,1784959680331,1784959680331,331,0
stpRNG4,1784959620,1784959680333,1784959680334,333,1
stpRNG,1784959620,1784959680335,1784959680336,335,1
stpRNG5,1784959620,1784959680370,1784959680372,370,2
stpRNG2,1784959620,1784959680376,1784959680376,376,0
stpRNG3,1784959620,1784959680378,1784959680379,378,1
RDBULL,1784959620,1784959680380,1784959680381,380,1
stpRNG4,1784959620,1784959680382,1784959680383,382,1
stpRNG,1784959620,1784959680384,1784959680385,384,1
stpRNG,1784959680,1784959740315,1784959740316,315,1
stpRNG4,1784959680,1784959740317,1784959740318,317,1
RDBULL,1784959680,1784959740319,1784959740320,319,1
stpRNG3,1784959680,1784959740321,1784959740322,321,1
stpRNG2,1784959680,1784959740325,1784959740326,325,1
stpRNG5,1784959680,1784959740328,1784959740328,328,0
stpRNG,1784959680,1784959740331,1784959740331,331,0
stpRNG4,1784959680,1784959740332,1784959740332,332,0
RDBULL,1784959680,1784959740333,1784959740333,333,0
stpRNG3,1784959680,1784959740334,1784959740334,334,0
stpRNG2,1784959680,1784959740335,1784959740335,335,0
stpRNG5,1784959680,1784959740336,1784959740336,336,0
stpRNG4,1784959740,1784959800327,1784959800329,327,2
stpRNG4,1784959740,1784959800329,1784959800331,329,2
stpRNG,1784959740,1784959800331,1784959800332,331,1
stpRNG,1784959740,1784959800333,1784959800333,333,0
stpRNG2,1784959740,1784959800334,1784959800334,334,0
stpRNG2,1784959740,1784959800335,1784959800335,335,0
stpRNG5,1784959740,1784959800336,1784959800337,336,1
stpRNG5,1784959740,1784959800338,1784959800339,338,1
stpRNG3,1784959740,1784959800339,1784959800340,339,1
stpRNG3,1784959740,1784959800344,1784959800345,344,1
RDBULL,1784959740,1784959800345,1784959800345,345,0
RDBULL,1784959740,1784959800346,1784959800348,346,2
RDBULL,1784959800,1784959860328,1784959860328,328,0
RDBULL,1784959800,1784959860328,1784959860329,328,1
stpRNG5,1784959800,1784959860332,1784959860333,332,1
stpRNG5,1784959800,1784959860330,1784959860333,330,3
stpRNG2,1784959800,1784959860334,1784959860335,334,1
stpRNG2,1784959800,1784959860335,1784959860335,335,0
stpRNG3,1784959800,1784959860336,1784959860337,336,1
stpRNG3,1784959800,1784959860337,1784959860337,337,0
stpRNG,1784959800,1784959860339,1784959860340,339,1
stpRNG,1784959800,1784959860339,1784959860341,339,2
stpRNG4,1784959800,1784959860342,1784959860343,342,1
stpRNG4,1784959800,1784959860343,1784959860344,343,1
stpRNG,1784959860,1784959920269,1784959920270,269,1
stpRNG4,1784959860,1784959920271,1784959920271,271,0
RDBULL,1784959860,1784959920272,1784959920274,272,2
stpRNG5,1784959860,1784959920278,1784959920278,278,0
stpRNG2,1784959860,1784959920280,1784959920280,280,0
stpRNG3,1784959860,1784959920281,1784959920282,281,1
stpRNG,1784959860,1784959920314,1784959920314,314,0
stpRNG4,1784959860,1784959920316,1784959920317,316,1
RDBULL,1784959860,1784959920318,1784959920319,318,1
stpRNG5,1784959860,1784959920320,1784959920321,320,1
stpRNG2,1784959860,1784959920323,1784959920325,323,2
stpRNG3,1784959860,1784959920329,1784959920330,329,1
RDBULL,1784959920,1784959980334,1784959980334,334,0
stpRNG3,1784959920,1784959980336,1784959980337,336,1
stpRNG2,1784959920,1784959980338,1784959980339,338,1
stpRNG5,1784959920,1784959980341,1784959980342,341,1
stpRNG,1784959920,1784959980344,1784959980345,344,1
stpRNG4,1784959920,1784959980346,1784959980347,346,1
RDBULL,1784959920,1784959980555,1784959980556,555,1
stpRNG3,1784959920,1784959980557,1784959980558,557,1
stpRNG2,1784959920,1784959980561,1784959980562,561,1
stpRNG5,1784959920,1784959980563,1784959980563,563,0
stpRNG,1784959920,1784959980565,1784959980565,565,0
stpRNG4,1784959920,1784959980567,1784959980568,567,1
stpRNG4,1784959980,1784960040316,1784960040317,316,1
stpRNG,1784959980,1784960040319,1784960040319,319,0
stpRNG2,1784959980,1784960040321,1784960040322,321,1
stpRNG5,1784959980,1784960040326,1784960040327,326,1
stpRNG3,1784959980,1784960040330,1784960040330,330,0
RDBULL,1784959980,1784960040332,1784960040333,332,1
stpRNG4,1784959980,1784960040339,1784960040340,339,1
stpRNG,1784959980,1784960040342,1784960040342,342,0
stpRNG2,1784959980,1784960040343,1784960040343,343,0
stpRNG5,1784959980,1784960040344,1784960040344,344,0
stpRNG3,1784959980,1784960040345,1784960040345,345,0
RDBULL,1784959980,1784960040346,1784960040346,346,0
stpRNG4,1784960040,1784960100288,1784960100290,288,2
stpRNG,1784960040,1784960100291,1784960100292,291,1
stpRNG3,1784960040,1784960100293,1784960100294,293,1
stpRNG2,1784960040,1784960100296,1784960100297,296,1
stpRNG5,1784960040,1784960100297,1784960100298,297,1
RDBULL,1784960040,1784960100298,1784960100300,298,2
stpRNG4,1784960040,1784960100358,1784960100358,358,0
stpRNG,1784960040,1784960100360,1784960100360,360,0
stpRNG3,1784960040,1784960100361,1784960100361,361,0
stpRNG2,1784960040,1784960100362,1784960100362,362,0
stpRNG5,1784960040,1784960100363,1784960100363,363,0
RDBULL,1784960040,1784960100364,1784960100365,364,1
stpRNG,1784960100,1784960160328,1784960160328,328,0
stpRNG4,1784960100,1784960160329,1784960160329,329,0
RDBULL,1784960100,1784960160330,1784960160330,330,0
stpRNG3,1784960100,1784960160331,1784960160331,331,0
stpRNG5,1784960100,1784960160332,1784960160332,332,0
stpRNG2,1784960100,1784960160333,1784960160333,333,0
stpRNG,1784960100,1784960160359,1784960160359,359,0
stpRNG4,1784960100,1784960160361,1784960160361,361,0
RDBULL,1784960100,1784960160363,1784960160363,363,0
stpRNG3,1784960100,1784960160365,1784960160366,365,1
stpRNG5,1784960100,1784960160366,1784960160367,366,1
stpRNG2,1784960100,1784960160367,1784960160368,367,1
stpRNG3,1784960160,1784960220276,1784960220277,276,1
stpRNG2,1784960160,1784960220278,1784960220280,278,2
stpRNG5,1784960160,1784960220281,1784960220282,281,1
RDBULL,1784960160,1784960220283,1784960220284,283,1
stpRNG4,1784960160,1784960220286,1784960220286,286,0
stpRNG,1784960160,1784960220288,1784960220288,288,0
stpRNG3,1784960160,1784960220331,1784960220331,331,0
stpRNG2,1784960160,1784960220332,1784960220333,332,1
stpRNG5,1784960160,1784960220334,1784960220334,334,0
RDBULL,1784960160,1784960220335,1784960220335,335,0
stpRNG4,1784960160,1784960220336,1784960220337,336,1
stpRNG,1784960160,1784960220338,1784960220338,338,0
stpRNG2,1784960220,1784960280319,1784960280320,319,1
stpRNG2,1784960220,1784960280321,1784960280322,321,1
stpRNG5,1784960220,1784960280324,1784960280325,324,1
stpRNG5,1784960220,1784960280322,1784960280324,322,2
stpRNG3,1784960220,1784960280326,1784960280327,326,1
stpRNG3,1784960220,1784960280325,1784960280326,325,1
RDBULL,1784960220,1784960280327,1784960280328,327,1
RDBULL,1784960220,1784960280327,1784960280327,327,0
stpRNG4,1784960220,1784960280328,1784960280329,328,1
stpRNG4,1784960220,1784960280328,1784960280329,328,1
stpRNG,1784960220,1784960280329,1784960280330,329,1
stpRNG,1784960220,1784960280329,1784960280329,329,0
stpRNG4,1784960280,1784960340316,1784960340319,316,3
stpRNG,1784960280,1784960340320,1784960340321,320,1
stpRNG5,1784960280,1784960340323,1784960340324,323,1
stpRNG2,1784960280,1784960340328,1784960340328,328,0
stpRNG3,1784960280,1784960340330,1784960340332,330,2
RDBULL,1784960280,1784960340333,1784960340334,333,1
stpRNG4,1784960280,1784960340337,1784960340338,337,1
stpRNG,1784960280,1784960340339,1784960340339,339,0
stpRNG5,1784960280,1784960340341,1784960340342,341,1
stpRNG2,1784960280,1784960340343,1784960340344,343,1
stpRNG3,1784960280,1784960340344,1784960340345,344,1
RDBULL,1784960280,1784960340345,1784960340346,345,1
RDBULL,1784960340,1784960400316,1784960400317,316,1
stpRNG5,1784960340,1784960400317,1784960400318,317,1
stpRNG2,1784960340,1784960400319,1784960400319,319,0
stpRNG3,1784960340,1784960400320,1784960400320,320,0
stpRNG,1784960340,1784960400321,1784960400321,321,0
stpRNG4,1784960340,1784960400322,1784960400323,322,1
RDBULL,1784960340,1784960400337,1784960400337,337,0
stpRNG5,1784960340,1784960400338,1784960400339,338,1
stpRNG2,1784960340,1784960400339,1784960400339,339,0
stpRNG3,1784960340,1784960400340,1784960400340,340,0
stpRNG,1784960340,1784960400343,1784960400344,343,1
stpRNG4,1784960340,1784960400346,1784960400346,346,0
stpRNG4,1784960400,1784960460313,1784960460313,313,0
stpRNG,1784960400,1784960460315,1784960460316,315,1
stpRNG3,1784960400,1784960460318,1784960460318,318,0
stpRNG5,1784960400,1784960460319,1784960460320,319,1
stpRNG2,1784960400,1784960460320,1784960460321,320,1
RDBULL,1784960400,1784960460322,1784960460322,322,0
stpRNG4,1784960400,1784960460333,1784960460334,333,1
stpRNG,1784960400,1784960460335,1784960460336,335,1
stpRNG3,1784960400,1784960460337,1784960460337,337,0
stpRNG5,1784960400,1784960460338,1784960460332,338,-6
stpRNG2,1784960400,1784960460333,1784960460333,333,0
RDBULL,1784960400,1784960460334,1784960460334,334,0
stpRNG3,1784960460,1784960520316,1784960520318,316,2
stpRNG5,1784960460,1784960520320,1784960520320,320,0
stpRNG2,1784960460,1784960520322,1784960520322,322,0
RDBULL,1784960460,1784960520324,1784960520325,324,1
stpRNG4,1784960460,1784960520327,1784960520327,327,0
stpRNG,1784960460,1784960520328,1784960520329,328,1
stpRNG3,1784960460,1784960520337,1784960520338,337,1
stpRNG5,1784960460,1784960520339,1784960520340,339,1
stpRNG2,1784960460,1784960520341,1784960520341,341,0
RDBULL,1784960460,1784960520342,1784960520343,342,1
stpRNG4,1784960460,1784960520344,1784960520345,344,1
stpRNG,1784960460,1784960520345,1784960520346,345,1
RDBULL,1784960520,1784960580313,1784960580313,313,0
stpRNG3,1784960520,1784960580314,1784960580314,314,0
stpRNG5,1784960520,1784960580314,1784960580315,314,1
stpRNG2,1784960520,1784960580315,1784960580315,315,0
RDBULL,1784960520,1784960580317,1784960580317,317,0
stpRNG3,1784960520,1784960580317,1784960580318,317,1
stpRNG5,1784960520,1784960580318,1784960580318,318,0
stpRNG2,1784960520,1784960580319,1784960580319,319,0
stpRNG,1784960520,1784960580316,1784960580321,316,5
stpRNG4,1784960520,1784960580322,1784960580323,322,1
stpRNG,1784960520,1784960580320,1784960580324,320,4
stpRNG4,1784960520,1784960580326,1784960580326,326,0
stpRNG4,1784960580,1784960640323,1784960640325,323,2
stpRNG,1784960580,1784960640326,1784960640327,326,1
stpRNG3,1784960580,1784960640328,1784960640329,328,1
stpRNG5,1784960580,1784960640330,1784960640331,330,1
stpRNG2,1784960580,1784960640333,1784960640333,333,0
RDBULL,1784960580,1784960640336,1784960640336,336,0
stpRNG4,1784960580,1784960640347,1784960640348,347,1
stpRNG,1784960580,1784960640349,1784960640349,349,0
stpRNG3,1784960580,1784960640350,1784960640350,350,0
stpRNG5,1784960580,1784960640351,1784960640351,351,0
stpRNG2,1784960580,1784960640352,1784960640352,352,0
RDBULL,1784960580,1784960640353,1784960640353,353,0
stpRNG4,1784960640,1784960700313,1784960700314,313,1
stpRNG4,1784960640,1784960700303,1784960700304,303,1
stpRNG,1784960640,1784960700316,1784960700316,316,0
stpRNG,1784960640,1784960700305,1784960700307,305,2
stpRNG5,1784960640,1784960700318,1784960700318,318,0
stpRNG5,1784960640,1784960700307,1784960700307,307,0
stpRNG2,1784960640,1784960700318,1784960700319,318,1
stpRNG2,1784960640,1784960700308,1784960700308,308,0
stpRNG3,1784960640,1784960700319,1784960700319,319,0
stpRNG3,1784960640,1784960700309,1784960700309,309,0
RDBULL,1784960640,1784960700320,1784960700320,320,0
RDBULL,1784960640,1784960700309,1784960700310,309,1
RDBULL,1784960700,1784960760366,1784960760367,366,1
RDBULL,1784960700,1784960760366,1784960760366,366,0
stpRNG5,1784960700,1784960760367,1784960760367,367,0
stpRNG5,1784960700,1784960760367,1784960760368,367,1
stpRNG2,1784960700,1784960760368,1784960760368,368,0
stpRNG2,1784960700,1784960760368,1784960760369,368,1
stpRNG3,1784960700,1784960760369,1784960760369,369,0
stpRNG3,1784960700,1784960760369,1784960760369,369,0
stpRNG,1784960700,1784960760370,1784960760370,370,0
stpRNG,1784960700,1784960760370,1784960760370,370,0
stpRNG4,1784960700,1784960760370,1784960760371,370,1
stpRNG4,1784960700,1784960760371,1784960760371,371,0
RDBULL,1784960760,1784960820260,1784960820261,260,1
stpRNG2,1784960760,1784960820262,1784960820263,262,1
stpRNG5,1784960760,1784960820264,1784960820264,264,0
stpRNG3,1784960760,1784960820265,1784960820265,265,0
stpRNG,1784960760,1784960820267,1784960820267,267,0
stpRNG4,1784960760,1784960820268,1784960820268,268,0
RDBULL,1784960760,1784960820321,1784960820322,321,1
stpRNG2,1784960760,1784960820324,1784960820325,324,1
stpRNG5,1784960760,1784960820326,1784960820326,326,0
stpRNG3,1784960760,1784960820327,1784960820327,327,0
stpRNG,1784960760,1784960820328,1784960820328,328,0
stpRNG4,1784960760,1784960820329,1784960820329,329,0
stpRNG3,1784960820,1784960880275,1784960880275,275,0
stpRNG5,1784960820,1784960880277,1784960880277,277,0
stpRNG2,1784960820,1784960880278,1784960880278,278,0
RDBULL,1784960820,1784960880279,1784960880279,279,0
stpRNG4,1784960820,1784960880280,1784960880280,280,0
stpRNG,1784960820,1784960880281,1784960880281,281,0
stpRNG3,1784960820,1784960880357,1784960880358,357,1
stpRNG5,1784960820,1784960880360,1784960880361,360,1
stpRNG2,1784960820,1784960880363,1784960880363,363,0
RDBULL,1784960820,1784960880365,1784960880366,365,1
stpRNG4,1784960820,1784960880366,1784960880367,366,1
stpRNG,1784960820,1784960880367,1784960880368,367,1
stpRNG,1784960880,1784960940323,1784960940324,323,1
stpRNG,1784960880,1784960940324,1784960940324,324,0
stpRNG4,1784960880,1784960940327,1784960940328,327,1
stpRNG4,1784960880,1784960940328,1784960940329,328,1
RDBULL,1784960880,1784960940330,1784960940330,330,0
RDBULL,1784960880,1784960940330,1784960940331,330,1
stpRNG3,1784960880,1784960940331,1784960940332,331,1
stpRNG3,1784960880,1784960940332,1784960940333,332,1
stpRNG2,1784960880,1784960940333,1784960940334,333,1
stpRNG2,1784960880,1784960940335,1784960940335,335,0
stpRNG5,1784960880,1784960940335,1784960940335,335,0
stpRNG5,1784960880,1784960940336,1784960940336,336,0
stpRNG3,1784960940,1784961000335,1784961000336,335,1
stpRNG5,1784960940,1784961000338,1784961000338,338,0
stpRNG2,1784960940,1784961000340,1784961000340,340,0
RDBULL,1784960940,1784961000340,1784961000341,340,1
stpRNG4,1784960940,1784961000341,1784961000342,341,1
stpRNG3,1784960940,1784961000342,1784961000343,342,1
stpRNG,1784960940,1784961000343,1784961000343,343,0
stpRNG5,1784960940,1784961000343,1784961000344,343,1
stpRNG2,1784960940,1784961000344,1784961000344,344,0
RDBULL,1784960940,1784961000345,1784961000345,345,0
stpRNG4,1784960940,1784961000346,1784961000346,346,0
stpRNG,1784960940,1784961000347,1784961000347,347,0
stpRNG3,1784961000,1784961060310,1784961060311,310,1
stpRNG5,1784961000,1784961060312,1784961060313,312,1
stpRNG2,1784961000,1784961060315,1784961060315,315,0
RDBULL,1784961000,1784961060317,1784961060317,317,0
stpRNG4,1784961000,1784961060318,1784961060318,318,0
stpRNG,1784961000,1784961060319,1784961060319,319,0
stpRNG3,1784961000,1784961060327,1784961060327,327,0
stpRNG5,1784961000,1784961060327,1784961060328,327,1
stpRNG2,1784961000,1784961060328,1784961060329,328,1
RDBULL,1784961000,1784961060329,1784961060330,329,1
stpRNG4,1784961000,1784961060330,1784961060331,330,1
stpRNG,1784961000,1784961060331,1784961060331,331,0
RDBULL,1784961060,1784961120220,1784961120221,220,1
stpRNG5,1784961060,1784961120223,1784961120223,223,0
stpRNG2,1784961060,1784961120225,1784961120226,225,1
stpRNG3,1784961060,1784961120228,1784961120229,228,1
stpRNG,1784961060,1784961120231,1784961120231,231,0
stpRNG4,1784961060,1784961120233,1784961120233,233,0
RDBULL,1784961060,1784961120314,1784961120314,314,0
stpRNG5,1784961060,1784961120315,1784961120316,315,1
stpRNG2,1784961060,1784961120316,1784961120316,316,0
stpRNG3,1784961060,1784961120317,1784961120318,317,1
stpRNG,1784961060,1784961120318,1784961120319,318,1
stpRNG4,1784961060,1784961120319,1784961120320,319,1
stpRNG2,1784961120,1784961180236,1784961180236,236,0
stpRNG5,1784961120,1784961180238,1784961180239,238,1
stpRNG3,1784961120,1784961180241,1784961180241,241,0
RDBULL,1784961120,1784961180248,1784961180248,248,0
stpRNG4,1784961120,1784961180250,1784961180250,250,0
stpRNG,1784961120,1784961180251,1784961180252,251,1
stpRNG2,1784961120,1784961180357,1784961180358,357,1
stpRNG5,1784961120,1784961180358,1784961180359,358,1
stpRNG3,1784961120,1784961180360,1784961180360,360,0
RDBULL,1784961120,1784961180361,1784961180362,361,1
stpRNG4,1784961120,1784961180363,1784961180363,363,0
stpRNG,1784961120,1784961180364,1784961180364,364,0
stpRNG4,1784961180,1784961240254,1784961240255,254,1
stpRNG,1784961180,1784961240257,1784961240257,257,0
stpRNG2,1784961180,1784961240259,1784961240260,259,1
stpRNG5,1784961180,1784961240262,1784961240262,262,0
stpRNG3,1784961180,1784961240263,1784961240263,263,0
RDBULL,1784961180,1784961240264,1784961240264,264,0
stpRNG4,1784961180,1784961240308,1784961240308,308,0
stpRNG,1784961180,1784961240310,1784961240312,310,2
stpRNG2,1784961180,1784961240315,1784961240316,315,1
stpRNG5,1784961180,1784961240317,1784961240317,317,0
stpRNG3,1784961180,1784961240319,1784961240319,319,0
RDBULL,1784961180,1784961240319,1784961240320,319,1
RDBULL,1784961240,1784961300258,1784961300258,258,0
stpRNG3,1784961240,1784961300259,1784961300259,259,0
stpRNG5,1784961240,1784961300261,1784961300261,261,0
stpRNG2,1784961240,1784961300262,1784961300263,262,1
stpRNG,1784961240,1784961300263,1784961300263,263,0
stpRNG4,1784961240,1784961300264,1784961300264,264,0
RDBULL,1784961240,1784961300338,1784961300338,338,0
stpRNG3,1784961240,1784961300339,1784961300340,339,1
stpRNG5,1784961240,1784961300340,1784961300340,340,0
stpRNG2,1784961240,1784961300341,1784961300341,341,0
stpRNG,1784961240,1784961300342,1784961300342,342,0
stpRNG4,1784961240,1784961300342,1784961300343,342,1
stpRNG3,1784961300,1784961360248,1784961360249,248,1
stpRNG2,1784961300,1784961360250,1784961360250,250,0
stpRNG5,1784961300,1784961360251,1784961360251,251,0
RDBULL,1784961300,1784961360252,1784961360252,252,0
stpRNG4,1784961300,1784961360253,1784961360253,253,0
stpRNG,1784961300,1784961360254,1784961360254,254,0
stpRNG3,1784961300,1784961360305,1784961360305,305,0
stpRNG2,1784961300,1784961360307,1784961360308,307,1
stpRNG5,1784961300,1784961360310,1784961360310,310,0
RDBULL,1784961300,1784961360311,1784961360311,311,0
stpRNG4,1784961300,1784961360312,1784961360313,312,1
stpRNG,1784961300,1784961360313,1784961360314,313,1
stpRNG,1784961360,1784961420301,1784961420301,301,0
stpRNG4,1784961360,1784961420303,1784961420304,303,1
RDBULL,1784961360,1784961420305,1784961420306,305,1
stpRNG2,1784961360,1784961420307,1784961420310,307,3
stpRNG5,1784961360,1784961420311,1784961420312,311,1
stpRNG3,1784961360,1784961420314,1784961420315,314,1
stpRNG,1784961360,1784961420319,1784961420320,319,1
stpRNG4,1784961360,1784961420321,1784961420323,321,2
RDBULL,1784961360,1784961420324,1784961420324,324,0
stpRNG2,1784961360,1784961420325,1784961420328,325,3
stpRNG5,1784961360,1784961420329,1784961420329,329,0
stpRNG3,1784961360,1784961420330,1784961420331,330,1
stpRNG,1784961420,1784961480260,1784961480261,260,1
stpRNG4,1784961420,1784961480262,1784961480262,262,0
RDBULL,1784961420,1784961480263,1784961480263,263,0
stpRNG3,1784961420,1784961480263,1784961480264,263,1
stpRNG2,1784961420,1784961480264,1784961480265,264,1
stpRNG5,1784961420,1784961480265,1784961480266,265,1
stpRNG,1784961420,1784961480311,1784961480312,311,1
stpRNG4,1784961420,1784961480312,1784961480313,312,1
RDBULL,1784961420,1784961480313,1784961480314,313,1
stpRNG3,1784961420,1784961480314,1784961480314,314,0
stpRNG2,1784961420,1784961480315,1784961480315,315,0
stpRNG5,1784961420,1784961480316,1784961480316,316,0
stpRNG4,1784961480,1784961540230,1784961540231,230,1
stpRNG,1784961480,1784961540232,1784961540233,232,1
stpRNG3,1784961480,1784961540235,1784961540235,235,0
stpRNG5,1784961480,1784961540236,1784961540237,236,1
stpRNG2,1784961480,1784961540238,1784961540239,238,1
RDBULL,1784961480,1784961540241,1784961540241,241,0
stpRNG4,1784961480,1784961540354,1784961540354,354,0
stpRNG,1784961480,1784961540355,1784961540356,355,1
stpRNG3,1784961480,1784961540356,1784961540357,356,1
stpRNG5,1784961480,1784961540357,1784961540358,357,1
stpRNG2,1784961480,1784961540358,1784961540359,358,1
RDBULL,1784961480,1784961540359,1784961540360,359,1
RDBULL,1784961540,1784961600288,1784961600290,288,2
stpRNG5,1784961540,1784961600291,1784961600292,291,1
stpRNG2,1784961540,1784961600294,1784961600295,294,1
stpRNG3,1784961540,1784961600296,1784961600297,296,1
stpRNG,1784961540,1784961600298,1784961600299,298,1
stpRNG4,1784961540,1784961600300,1784961600301,300,1
RDBULL,1784961540,1784961600322,1784961600323,322,1
stpRNG5,1784961540,1784961600324,1784961600325,324,1
stpRNG2,1784961540,1784961600327,1784961600328,327,1
stpRNG3,1784961540,1784961600329,1784961600330,329,1
stpRNG,1784961540,1784961600332,1784961600332,332,0
stpRNG4,1784961540,1784961600333,1784961600333,333,0
RDBULL,1784961600,1784961660304,1784961660305,304,1
stpRNG3,1784961600,1784961660306,1784961660307,306,1
stpRNG5,1784961600,1784961660308,1784961660309,308,1
stpRNG2,1784961600,1784961660310,1784961660311,310,1
stpRNG,1784961600,1784961660312,1784961660313,312,1
stpRNG4,1784961600,1784961660315,1784961660315,315,0
RDBULL,1784961600,1784961660330,1784961660331,330,1
stpRNG3,1784961600,1784961660331,1784961660332,331,1
stpRNG5,1784961600,1784961660332,1784961660332,332,0
stpRNG2,1784961600,1784961660333,1784961660333,333,0
stpRNG,1784961600,1784961660334,1784961660334,334,0
stpRNG4,1784961600,1784961660335,1784961660335,335,0
stpRNG,1784961660,1784961720301,1784961720302,301,1
stpRNG4,1784961660,1784961720303,1784961720303,303,0
RDBULL,1784961660,1784961720304,1784961720304,304,0
stpRNG5,1784961660,1784961720306,1784961720307,306,1
stpRNG2,1784961660,1784961720307,1784961720308,307,1
stpRNG3,1784961660,1784961720308,1784961720309,308,1
stpRNG,1784961660,1784961720334,1784961720335,334,1
stpRNG4,1784961660,1784961720336,1784961720337,336,1
RDBULL,1784961660,1784961720338,1784961720338,338,0
stpRNG5,1784961660,1784961720339,1784961720339,339,0
stpRNG2,1784961660,1784961720340,1784961720341,340,1
stpRNG3,1784961660,1784961720341,1784961720342,341,1
stpRNG,1784961720,1784961780303,1784961780303,303,0
stpRNG4,1784961720,1784961780304,1784961780304,304,0
RDBULL,1784961720,1784961780305,1784961780305,305,0
stpRNG5,1784961720,1784961780306,1784961780306,306,0
stpRNG2,1784961720,1784961780306,1784961780307,306,1
stpRNG3,1784961720,1784961780307,1784961780308,307,1
stpRNG,1784961780,1784961840299,1784961840300,299,1
stpRNG4,1784961780,1784961840302,1784961840302,302,0
RDBULL,1784961780,1784961840303,1784961840304,303,1
stpRNG3,1784961780,1784961840306,1784961840307,306,1
stpRNG2,1784961780,1784961840308,1784961840309,308,1
stpRNG5,1784961780,1784961840310,1784961840312,310,2
stpRNG,1784961840,1784961900301,1784961900302,301,1
stpRNG4,1784961840,1784961900303,1784961900303,303,0
RDBULL,1784961840,1784961900304,1784961900304,304,0
stpRNG5,1784961840,1784961900305,1784961900306,305,1
stpRNG2,1784961840,1784961900307,1784961900307,307,0
stpRNG3,1784961840,1784961900308,1784961900308,308,0
RDBULL,1784961900,1784961960303,1784961960304,303,1
stpRNG3,1784961900,1784961960305,1784961960306,305,1
stpRNG2,1784961900,1784961960308,1784961960309,308,1
stpRNG5,1784961900,1784961960309,1784961960310,309,1
stpRNG,1784961900,1784961960311,1784961960311,311,0
stpRNG4,1784961900,1784961960312,1784961960312,312,0
RDBULL,1784961960,1784962020277,1784962020278,277,1
stpRNG5,1784961960,1784962020280,1784962020281,280,1
stpRNG2,1784961960,1784962020282,1784962020282,282,0
stpRNG3,1784961960,1784962020283,1784962020285,283,2
stpRNG,1784961960,1784962020286,1784962020286,286,0
stpRNG4,1784961960,1784962020287,1784962020288,287,1
stpRNG,1784962020,1784962080263,1784962080264,263,1
stpRNG4,1784962020,1784962080266,1784962080267,266,1
RDBULL,1784962020,1784962080269,1784962080270,269,1
stpRNG3,1784962020,1784962080271,1784962080272,271,1
stpRNG5,1784962020,1784962080274,1784962080274,274,0
stpRNG2,1784962020,1784962080276,1784962080276,276,0
stpRNG,1784962080,1784962140304,1784962140304,304,0
stpRNG4,1784962080,1784962140305,1784962140305,305,0
RDBULL,1784962080,1784962140305,1784962140306,305,1
stpRNG3,1784962080,1784962140306,1784962140307,306,1
stpRNG5,1784962080,1784962140307,1784962140308,307,1
stpRNG2,1784962080,1784962140309,1784962140309,309,0
stpRNG,1784962140,1784962200255,1784962200256,255,1
stpRNG4,1784962140,1784962200257,1784962200258,257,1
RDBULL,1784962140,1784962200259,1784962200260,259,1
stpRNG5,1784962140,1784962200262,1784962200263,262,1
stpRNG2,1784962140,1784962200264,1784962200265,264,1
stpRNG3,1784962140,1784962200266,1784962200267,266,1
RDBULL,1784962200,1784962260303,1784962260304,303,1
stpRNG2,1784962200,1784962260305,1784962260305,305,0
stpRNG5,1784962200,1784962260306,1784962260306,306,0
stpRNG3,1784962200,1784962260307,1784962260307,307,0
stpRNG,1784962200,1784962260308,1784962260308,308,0
stpRNG4,1784962200,1784962260309,1784962260309,309,0
stpRNG4,1784962260,1784962320280,1784962320281,280,1
stpRNG,1784962260,1784962320282,1784962320284,282,2
stpRNG2,1784962260,1784962320285,1784962320286,285,1
stpRNG5,1784962260,1784962320286,1784962320287,286,1
stpRNG3,1784962260,1784962320288,1784962320288,288,0
RDBULL,1784962260,1784962320289,1784962320289,289,0
stpRNG4,1784962320,1784962380316,1784962380317,316,1
stpRNG,1784962320,1784962380319,1784962380320,319,1
stpRNG3,1784962320,1784962380322,1784962380323,322,1
stpRNG5,1784962320,1784962380325,1784962380326,325,1
stpRNG2,1784962320,1784962380327,1784962380332,327,5
RDBULL,1784962320,1784962380334,1784962380335,334,1
RDBULL,1784962380,1784962440269,1784962440271,269,2
stpRNG3,1784962380,1784962440272,1784962440273,272,1
stpRNG2,1784962380,1784962440273,1784962440274,273,1
stpRNG5,1784962380,1784962440275,1784962440276,275,1
stpRNG,1784962380,1784962440276,1784962440277,276,1
stpRNG4,1784962380,1784962440277,1784962440278,277,1
stpRNG4,1784962440,1784962500248,1784962500249,248,1
stpRNG,1784962440,1784962500251,1784962500252,251,1
stpRNG3,1784962440,1784962500254,1784962500255,254,1
stpRNG5,1784962440,1784962500257,1784962500258,257,1
stpRNG2,1784962440,1784962500260,1784962500261,260,1
RDBULL,1784962440,1784962500264,1784962500265,264,1
stpRNG,1784962500,1784962560297,1784962560297,297,0
stpRNG4,1784962500,1784962560299,1784962560300,299,1
RDBULL,1784962500,1784962560302,1784962560303,302,1
stpRNG5,1784962500,1784962560304,1784962560306,304,2
stpRNG2,1784962500,1784962560308,1784962560309,308,1
stpRNG3,1784962500,1784962560310,1784962560311,310,1
stpRNG,1784962560,1784962620214,1784962620215,214,1
stpRNG4,1784962560,1784962620217,1784962620219,217,2
RDBULL,1784962560,1784962620220,1784962620221,220,1
stpRNG2,1784962560,1784962620222,1784962620222,222,0
stpRNG5,1784962560,1784962620224,1784962620225,224,1
stpRNG3,1784962560,1784962620226,1784962620226,226,0
stpRNG,1784962620,1784962680204,1784962680204,204,0
stpRNG4,1784962620,1784962680204,1784962680205,204,1
RDBULL,1784962620,1784962680205,1784962680206,205,1
stpRNG5,1784962620,1784962680206,1784962680207,206,1
stpRNG2,1784962620,1784962680207,1784962680208,207,1
stpRNG3,1784962620,1784962680208,1784962680209,208,1
stpRNG4,1784962680,1784962740236,1784962740237,236,1
stpRNG,1784962680,1784962740237,1784962740238,237,1
stpRNG3,1784962680,1784962740239,1784962740240,239,1
stpRNG5,1784962680,1784962740241,1784962740242,241,1
stpRNG2,1784962680,1784962740242,1784962740242,242,0
RDBULL,1784962680,1784962740243,1784962740243,243,0
RDBULL,1784962740,1784962800254,1784962800255,254,1
stpRNG3,1784962740,1784962800255,1784962800256,255,1
stpRNG2,1784962740,1784962800256,1784962800257,256,1
stpRNG5,1784962740,1784962800257,1784962800258,257,1
stpRNG,1784962740,1784962800258,1784962800258,258,0
stpRNG4,1784962740,1784962800259,1784962800259,259,0
stpRNG3,1784962800,1784962860216,1784962860216,216,0
stpRNG2,1784962800,1784962860218,1784962860219,218,1
stpRNG5,1784962800,1784962860220,1784962860221,220,1
RDBULL,1784962800,1784962860223,1784962860224,223,1
stpRNG4,1784962800,1784962860226,1784962860227,226,1
stpRNG,1784962800,1784962860228,1784962860229,228,1
stpRNG4,1784962860,1784962920305,1784962920305,305,0
stpRNG,1784962860,1784962920306,1784962920307,306,1
stpRNG2,1784962860,1784962920307,1784962920308,307,1
stpRNG5,1784962860,1784962920308,1784962920308,308,0
stpRNG3,1784962860,1784962920310,1784962920310,310,0
RDBULL,1784962860,1784962920311,1784962920311,311,0
stpRNG4,1784962920,1784962980321,1784962980321,321,0
stpRNG,1784962920,1784962980322,1784962980324,322,2
stpRNG3,1784962920,1784962980325,1784962980326,325,1
stpRNG5,1784962920,1784962980327,1784962980328,327,1
stpRNG2,1784962920,1784962980330,1784962980331,330,1
RDBULL,1784962920,1784962980332,1784962980333,332,1
stpRNG,1784962980,1784963040246,1784963040247,246,1
stpRNG4,1784962980,1784963040249,1784963040250,249,1
RDBULL,1784962980,1784963040252,1784963040252,252,0
stpRNG2,1784962980,1784963040253,1784963040253,253,0
stpRNG5,1784962980,1784963040254,1784963040255,254,1
stpRNG3,1784962980,1784963040256,1784963040256,256,0
stpRNG,1784963040,1784963100270,1784963100271,270,1
stpRNG4,1784963040,1784963100272,1784963100273,272,1
RDBULL,1784963040,1784963100274,1784963100274,274,0
stpRNG2,1784963040,1784963100274,1784963100275,274,1
stpRNG5,1784963040,1784963100276,1784963100276,276,0
stpRNG3,1784963040,1784963100277,1784963100277,277,0
stpRNG5,1784963100,1784963160281,1784963160282,281,1
stpRNG2,1784963100,1784963160284,1784963160285,284,1
stpRNG3,1784963100,1784963160287,1784963160287,287,0
RDBULL,1784963100,1784963160288,1784963160288,288,0
stpRNG4,1784963100,1784963160289,1784963160290,289,1
stpRNG,1784963100,1784963160290,1784963160291,290,1
stpRNG,1784963160,1784963220302,1784963220303,302,1
stpRNG4,1784963160,1784963220304,1784963220306,304,2
RDBULL,1784963160,1784963220306,1784963220307,306,1
stpRNG3,1784963160,1784963220307,1784963220307,307,0
stpRNG2,1784963160,1784963220308,1784963220308,308,0
stpRNG5,1784963160,1784963220309,1784963220309,309,0
stpRNG4,1784963220,1784963280388,1784963280388,388,0
stpRNG,1784963220,1784963280390,1784963280391,390,1
stpRNG3,1784963220,1784963280393,1784963280393,393,0
stpRNG2,1784963220,1784963280394,1784963280394,394,0
stpRNG5,1784963220,1784963280395,1784963280395,395,0
RDBULL,1784963220,1784963280396,1784963280396,396,0
stpRNG2,1784963280,1784963340386,1784963340386,386,0
stpRNG5,1784963280,1784963340388,1784963340389,388,1
stpRNG3,1784963280,1784963340390,1784963340390,390,0
RDBULL,1784963280,1784963340391,1784963340391,391,0
stpRNG4,1784963280,1784963340392,1784963340392,392,0
stpRNG,1784963280,1784963340393,1784963340393,393,0
stpRNG2,1784963340,1784963400271,1784963400272,271,1
stpRNG5,1784963340,1784963400275,1784963400276,275,1
stpRNG3,1784963340,1784963400278,1784963400279,278,1
RDBULL,1784963340,1784963400280,1784963400281,280,1
stpRNG4,1784963340,1784963400283,1784963400284,283,1
stpRNG,1784963340,1784963400286,1784963400286,286,0
stpRNG,1784963400,1784963460384,1784963460385,384,1
stpRNG4,1784963400,1784963460386,1784963460387,386,1
RDBULL,1784963400,1784963460388,1784963460388,388,0
stpRNG3,1784963400,1784963460389,1784963460390,389,1
stpRNG5,1784963400,1784963460391,1784963460391,391,0
stpRNG2,1784963400,1784963460392,1784963460393,392,1
stpRNG3,1784963460,1784963520302,1784963520303,302,1
stpRNG2,1784963460,1784963520305,1784963520306,305,1
stpRNG5,1784963460,1784963520308,1784963520308,308,0
RDBULL,1784963460,1784963520309,1784963520309,309,0
stpRNG4,1784963460,1784963520310,1784963520310,310,0
stpRNG,1784963460,1784963520311,1784963520311,311,0
stpRNG4,1784963520,1784963580335,1784963580336,335,1
stpRNG,1784963520,1784963580337,1784963580339,337,2
stpRNG2,1784963520,1784963580340,1784963580341,340,1
stpRNG5,1784963520,1784963580341,1784963580341,341,0
stpRNG3,1784963520,1784963580342,1784963580342,342,0
RDBULL,1784963520,1784963580343,1784963580344,343,1
stpRNG,1784963580,1784963640335,1784963640337,335,2
stpRNG4,1784963580,1784963640338,1784963640340,338,2
RDBULL,1784963580,1784963640342,1784963640342,342,0
stpRNG5,1784963580,1784963640344,1784963640345,344,1
stpRNG2,1784963580,1784963640347,1784963640347,347,0
stpRNG3,1784963580,1784963640349,1784963640350,349,1
stpRNG,1784963640,1784963700317,1784963700318,317,1
stpRNG4,1784963640,1784963700319,1784963700319,319,0
RDBULL,1784963640,1784963700320,1784963700320,320,0
stpRNG3,1784963640,1784963700321,1784963700322,321,1
stpRNG5,1784963640,1784963700323,1784963700323,323,0
stpRNG2,1784963640,1784963700323,1784963700324,323,1
stpRNG3,1784963700,1784963760386,1784963760389,386,3
stpRNG2,1784963700,1784963760391,1784963760392,391,1
stpRNG5,1784963700,1784963760393,1784963760394,393,1
RDBULL,1784963700,1784963760395,1784963760396,395,1
stpRNG4,1784963700,1784963760398,1784963760398,398,0
stpRNG,1784963700,1784963760402,1784963760403,402,1
RDBULL,1784963760,1784963820337,1784963820338,337,1
stpRNG2,1784963760,1784963820341,1784963820342,341,1
stpRNG5,1784963760,1784963820343,1784963820343,343,0
stpRNG3,1784963760,1784963820344,1784963820345,344,1
stpRNG,1784963760,1784963820345,1784963820346,345,1
stpRNG4,1784963760,1784963820347,1784963820347,347,0
stpRNG,1784963820,1784963880284,1784963880285,284,1
stpRNG4,1784963820,1784963880287,1784963880288,287,1
RDBULL,1784963820,1784963880289,1784963880290,289,1
stpRNG3,1784963820,1784963880290,1784963880291,290,1
stpRNG2,1784963820,1784963880291,1784963880291,291,0
stpRNG5,1784963820,1784963880292,1784963880292,292,0
stpRNG2,1784963880,1784963940317,1784963940318,317,1
stpRNG5,1784963880,1784963940319,1784963940321,319,2
stpRNG3,1784963880,1784963940322,1784963940323,322,1
RDBULL,1784963880,1784963940324,1784963940324,324,0
stpRNG4,1784963880,1784963940325,1784963940325,325,0
stpRNG,1784963880,1784963940326,1784963940326,326,0
RDBULL,1784963940,1784964000277,1784964000279,277,2
stpRNG2,1784963940,1784964000280,1784964000281,280,1
stpRNG5,1784963940,1784964000281,1784964000283,281,2
stpRNG3,1784963940,1784964000284,1784964000286,284,2
stpRNG,1784963940,1784964000289,1784964000289,289,0
stpRNG4,1784963940,1784964000290,1784964000290,290,0
stpRNG4,1784964000,1784964060378,1784964060379,378,1
stpRNG,1784964000,1784964060380,1784964060381,380,1
stpRNG3,1784964000,1784964060382,1784964060385,382,3
stpRNG5,1784964000,1784964060388,1784964060389,388,1
stpRNG2,1784964000,1784964060392,1784964060393,392,1
RDBULL,1784964000,1784964060394,1784964060394,394,0
stpRNG,1784964060,1784964120282,1784964120283,282,1
stpRNG4,1784964060,1784964120285,1784964120286,285,1
RDBULL,1784964060,1784964120287,1784964120288,287,1
stpRNG2,1784964060,1784964120289,1784964120289,289,0
stpRNG5,1784964060,1784964120290,1784964120290,290,0
stpRNG3,1784964060,1784964120291,1784964120291,291,0
stpRNG5,1784964120,1784964180383,1784964180386,383,3
stpRNG2,1784964120,1784964180388,1784964180388,388,0
stpRNG3,1784964120,1784964180389,1784964180390,389,1
RDBULL,1784964120,1784964180390,1784964180391,390,1
stpRNG4,1784964120,1784964180391,1784964180392,391,1
stpRNG,1784964120,1784964180392,1784964180393,392,1
stpRNG2,1784964180,1784964240326,1784964240327,326,1
stpRNG5,1784964180,1784964240328,1784964240330,328,2
stpRNG3,1784964180,1784964240331,1784964240332,331,1
RDBULL,1784964180,1784964240333,1784964240334,333,1
stpRNG4,1784964180,1784964240336,1784964240337,336,1
stpRNG,1784964180,1784964240338,1784964240339,338,1
RDBULL,1784964240,1784964300277,1784964300279,277,2
stpRNG3,1784964240,1784964300280,1784964300280,280,0
stpRNG2,1784964240,1784964300281,1784964300282,281,1
stpRNG5,1784964240,1784964300282,1784964300283,282,1
stpRNG,1784964240,1784964300284,1784964300285,284,1
stpRNG4,1784964240,1784964300286,1784964300287,286,1
RDBULL,1784964300,1784964360383,1784964360384,383,1
stpRNG2,1784964300,1784964360386,1784964360388,386,2
stpRNG5,1784964300,1784964360389,1784964360390,389,1
stpRNG3,1784964300,1784964360391,1784964360393,391,2
stpRNG,1784964300,1784964360394,1784964360395,394,1
stpRNG4,1784964300,1784964360396,1784964360397,396,1
stpRNG,1784964360,1784964420344,1784964420345,344,1
stpRNG4,1784964360,1784964420346,1784964420347,346,1
RDBULL,1784964360,1784964420349,1784964420350,349,1
stpRNG3,1784964360,1784964420351,1784964420353,351,2
stpRNG5,1784964360,1784964420354,1784964420355,354,1
stpRNG2,1784964360,1784964420356,1784964420357,356,1
stpRNG,1784964420,1784964480330,1784964480331,330,1
stpRNG4,1784964420,1784964480335,1784964480336,335,1
RDBULL,1784964420,1784964480336,1784964480337,336,1
stpRNG3,1784964420,1784964480337,1784964480337,337,0
stpRNG2,1784964420,1784964480338,1784964480338,338,0
stpRNG5,1784964420,1784964480339,1784964480339,339,0
RDBULL,1784964480,1784964540291,1784964540292,291,1
stpRNG3,1784964480,1784964540293,1784964540293,293,0
stpRNG5,1784964480,1784964540294,1784964540326,294,32
stpRNG2,1784964480,1784964540326,1784964540327,326,1
stpRNG,1784964480,1784964540328,1784964540329,328,1
stpRNG4,1784964480,1784964540330,1784964540330,330,0
stpRNG2,1784964540,1784964600276,1784964600277,276,1
stpRNG5,1784964540,1784964600279,1784964600280,279,1
stpRNG3,1784964540,1784964600281,1784964600282,281,1
RDBULL,1784964540,1784964600284,1784964600285,284,1
stpRNG4,1784964540,1784964600286,1784964600287,286,1
stpRNG,1784964540,1784964600289,1784964600289,289,0
stpRNG5,1784964600,1784964660309,1784964660310,309,1
stpRNG2,1784964600,1784964660311,1784964660312,311,1
stpRNG3,1784964600,1784964660314,1784964660315,314,1
RDBULL,1784964600,1784964660316,1784964660317,316,1
stpRNG4,1784964600,1784964660319,1784964660320,319,1
stpRNG,1784964600,1784964660321,1784964660322,321,1
RDBULL,1784964660,1784964720230,1784964720231,230,1
stpRNG2,1784964660,1784964720232,1784964720234,232,2
stpRNG5,1784964660,1784964720235,1784964720237,235,2
stpRNG3,1784964660,1784964720239,1784964720240,239,1
stpRNG,1784964660,1784964720242,1784964720242,242,0
stpRNG4,1784964660,1784964720244,1784964720245,244,1
stpRNG4,1784964720,1784964780256,1784964780257,256,1
stpRNG,1784964720,1784964780259,1784964780259,259,0
stpRNG3,1784964720,1784964780261,1784964780261,261,0
stpRNG2,1784964720,1784964780263,1784964780264,263,1
stpRNG5,1784964720,1784964780266,1784964780267,266,1
RDBULL,1784964720,1784964780269,1784964780270,269,1
stpRNG,1784964780,1784964840498,1784964840499,498,1
stpRNG4,1784964780,1784964840500,1784964840501,500,1
RDBULL,1784964780,1784964840503,1784964840503,503,0
stpRNG2,1784964780,1784964840504,1784964840504,504,0
stpRNG5,1784964780,1784964840505,1784964840505,505,0
stpRNG3,1784964780,1784964840506,1784964840506,506,0
stpRNG,1784964840,1784964900370,1784964900371,370,1
stpRNG4,1784964840,1784964900372,1784964900374,372,2
RDBULL,1784964840,1784964900375,1784964900376,375,1
stpRNG3,1784964840,1784964900377,1784964900380,377,3
stpRNG5,1784964840,1784964900381,1784964900382,381,1
stpRNG2,1784964840,1784964900384,1784964900384,384,0
stpRNG3,1784964900,1784964960332,1784964960333,332,1
stpRNG5,1784964900,1784964960335,1784964960338,335,3
stpRNG2,1784964900,1784964960339,1784964960339,339,0
RDBULL,1784964900,1784964960340,1784964960340,340,0
stpRNG4,1784964900,1784964960341,1784964960341,341,0
stpRNG,1784964900,1784964960342,1784964960342,342,0
RDBULL,1784964960,1784965020495,1784965020496,495,1
stpRNG3,1784964960,1784965020498,1784965020498,498,0
stpRNG2,1784964960,1784965020500,1784965020500,500,0
stpRNG5,1784964960,1784965020501,1784965020501,501,0
stpRNG,1784964960,1784965020502,1784965020502,502,0
stpRNG4,1784964960,1784965020503,1784965020503,503,0
stpRNG5,1784965020,1784965080287,1784965080288,287,1
stpRNG2,1784965020,1784965080288,1784965080289,288,1
stpRNG3,1784965020,1784965080289,1784965080289,289,0
RDBULL,1784965020,1784965080290,1784965080290,290,0
stpRNG4,1784965020,1784965080291,1784965080291,291,0
stpRNG,1784965020,1784965080292,1784965080292,292,0
stpRNG,1784965080,1784965140326,1784965140326,326,0
stpRNG4,1784965080,1784965140327,1784965140328,327,1
RDBULL,1784965080,1784965140330,1784965140331,330,1
stpRNG5,1784965080,1784965140331,1784965140332,331,1
stpRNG2,1784965080,1784965140332,1784965140333,332,1
stpRNG3,1784965080,1784965140333,1784965140334,333,1
stpRNG4,1784965140,1784965200292,1784965200295,292,3
stpRNG,1784965140,1784965200296,1784965200297,296,1
stpRNG3,1784965140,1784965200298,1784965200299,298,1
stpRNG2,1784965140,1784965200299,1784965200300,299,1
stpRNG5,1784965140,1784965200300,1784965200300,300,0
RDBULL,1784965140,1784965200301,1784965200301,301,0
stpRNG,1784965200,1784965260309,1784965260310,309,1
stpRNG4,1784965200,1784965260312,1784965260312,312,0
RDBULL,1784965200,1784965260314,1784965260315,314,1
stpRNG3,1784965200,1784965260315,1784965260316,315,1
stpRNG2,1784965200,1784965260317,1784965260317,317,0
stpRNG5,1784965200,1784965260318,1784965260318,318,0
stpRNG4,1784965260,1784965320278,1784965320279,278,1
stpRNG,1784965260,1784965320280,1784965320281,280,1
stpRNG3,1784965260,1784965320283,1784965320283,283,0
stpRNG2,1784965260,1784965320285,1784965320287,285,2
stpRNG5,1784965260,1784965320289,1784965320289,289,0
RDBULL,1784965260,1784965320291,1784965320291,291,0
stpRNG,1784965320,1784965380292,1784965380293,292,1
stpRNG4,1784965320,1784965380295,1784965380296,295,1
RDBULL,1784965320,1784965380297,1784965380298,297,1
stpRNG3,1784965320,1784965380299,1784965380301,299,2
stpRNG5,1784965320,1784965380302,1784965380303,302,1
stpRNG2,1784965320,1784965380303,1784965380304,303,1
stpRNG,1784965380,1784965440263,1784965440264,263,1
stpRNG4,1784965380,1784965440265,1784965440266,265,1
RDBULL,1784965380,1784965440267,1784965440267,267,0
stpRNG5,1784965380,1784965440268,1784965440268,268,0
stpRNG2,1784965380,1784965440269,1784965440270,269,1
stpRNG3,1784965380,1784965440270,1784965440271,270,1
stpRNG,1784965440,1784965500307,1784965500308,307,1
stpRNG4,1784965440,1784965500309,1784965500311,309,2
RDBULL,1784965440,1784965500312,1784965500313,312,1
stpRNG5,1784965440,1784965500314,1784965500314,314,0
stpRNG2,1784965440,1784965500315,1784965500315,315,0
stpRNG3,1784965440,1784965500316,1784965500316,316,0
RDBULL,1784965500,1784965560293,1784965560293,293,0
stpRNG3,1784965500,1784965560295,1784965560296,295,1
stpRNG2,1784965500,1784965560298,1784965560299,298,1
stpRNG5,1784965500,1784965560300,1784965560301,300,1
stpRNG,1784965500,1784965560303,1784965560304,303,1
stpRNG4,1784965500,1784965560305,1784965560306,305,1
RDBULL,1784965560,1784965620516,1784965620517,516,1
stpRNG3,1784965560,1784965620519,1784965620520,519,1
stpRNG5,1784965560,1784965620522,1784965620525,522,3
stpRNG2,1784965560,1784965620527,1784965620528,527,1
stpRNG,1784965560,1784965620530,1784965620531,530,1
stpRNG4,1784965560,1784965620532,1784965620533,532,1
RDBULL,1784965620,1784965680407,1784965680407,407,0
stpRNG5,1784965620,1784965680408,1784965680409,408,1
stpRNG2,1784965620,1784965680409,1784965680409,409,0
stpRNG3,1784965620,1784965680410,1784965680410,410,0
stpRNG,1784965620,1784965680411,1784965680411,411,0
stpRNG4,1784965620,1784965680412,1784965680412,412,0
stpRNG4,1784965680,1784965740358,1784965740359,358,1
stpRNG,1784965680,1784965740360,1784965740361,360,1
stpRNG2,1784965680,1784965740362,1784965740362,362,0
stpRNG5,1784965680,1784965740363,1784965740364,363,1
stpRNG3,1784965680,1784965740365,1784965740365,365,0
RDBULL,1784965680,1784965740366,1784965740367,366,1
RDBULL,1784965740,1784965800335,1784965800335,335,0
stpRNG5,1784965740,1784965800336,1784965800338,336,2
stpRNG2,1784965740,1784965800339,1784965800339,339,0
stpRNG3,1784965740,1784965800340,1784965800340,340,0
stpRNG,1784965740,1784965800341,1784965800341,341,0
stpRNG4,1784965740,1784965800342,1784965800342,342,0
stpRNG4,1784965800,1784965860285,1784965860286,285,1
stpRNG,1784965800,1784965860288,1784965860289,288,1
stpRNG2,1784965800,1784965860290,1784965860291,290,1
stpRNG5,1784965800,1784965860291,1784965860292,291,1
stpRNG3,1784965800,1784965860292,1784965860292,292,0
RDBULL,1784965800,1784965860293,1784965860294,293,1
stpRNG3,1784965860,1784965920303,1784965920303,303,0
stpRNG2,1784965860,1784965920306,1784965920306,306,0
stpRNG5,1784965860,1784965920307,1784965920308,307,1
RDBULL,1784965860,1784965920308,1784965920309,308,1
stpRNG4,1784965860,1784965920309,1784965920310,309,1
stpRNG,1784965860,1784965920310,1784965920310,310,0
RDBULL,1784965920,1784965980322,1784965980322,322,0
stpRNG2,1784965920,1784965980324,1784965980325,324,1
stpRNG5,1784965920,1784965980326,1784965980327,326,1
stpRNG3,1784965920,1784965980329,1784965980330,329,1
stpRNG,1784965920,1784965980331,1784965980333,331,2
stpRNG4,1784965920,1784965980334,1784965980335,334,1
RDBULL,1784965980,1784966040334,1784966040335,334,1
stpRNG3,1784965980,1784966040337,1784966040338,337,1
stpRNG2,1784965980,1784966040340,1784966040341,340,1
stpRNG5,1784965980,1784966040342,1784966040343,342,1
stpRNG,1784965980,1784966040344,1784966040345,344,1
stpRNG4,1784965980,1784966040346,1784966040347,346,1
stpRNG,1784966040,1784966100325,1784966100326,325,1
stpRNG4,1784966040,1784966100327,1784966100328,327,1
RDBULL,1784966040,1784966100328,1784966100329,328,1
stpRNG3,1784966040,1784966100329,1784966100330,329,1
stpRNG2,1784966040,1784966100330,1784966100331,330,1
stpRNG5,1784966040,1784966100331,1784966100331,331,0
stpRNG,1784966100,1784966160358,1784966160358,358,0
stpRNG4,1784966100,1784966160359,1784966160359,359,0
RDBULL,1784966100,1784966160360,1784966160360,360,0
stpRNG2,1784966100,1784966160361,1784966160361,361,0
stpRNG5,1784966100,1784966160362,1784966160362,362,0
stpRNG3,1784966100,1784966160363,1784966160363,363,0
stpRNG,1784966160,1784966220315,1784966220316,315,1
stpRNG4,1784966160,1784966220317,1784966220317,317,0
RDBULL,1784966160,1784966220318,1784966220319,318,1
stpRNG3,1784966160,1784966220319,1784966220320,319,1
stpRNG5,1784966160,1784966220321,1784966220323,321,2
stpRNG2,1784966160,1784966220325,1784966220326,325,1
stpRNG5,1784966220,1784966280301,1784966280302,301,1
stpRNG2,1784966220,1784966280304,1784966280305,304,1
stpRNG3,1784966220,1784966280308,1784966280309,308,1
RDBULL,1784966220,1784966280310,1784966280311,310,1
stpRNG4,1784966220,1784966280312,1784966280312,312,0
stpRNG,1784966220,1784966280313,1784966280315,313,2
RDBULL,1784966280,1784966340364,1784966340364,364,0
stpRNG3,1784966280,1784966340365,1784966340366,365,1
stpRNG2,1784966280,1784966340366,1784966340367,366,1
stpRNG5,1784966280,1784966340367,1784966340368,367,1
stpRNG,1784966280,1784966340368,1784966340368,368,0
stpRNG4,1784966280,1784966340369,1784966340370,369,1
stpRNG,1784966340,1784966400299,1784966400300,299,1
stpRNG4,1784966340,1784966400301,1784966400302,301,1
RDBULL,1784966340,1784966400304,1784966400305,304,1
stpRNG5,1784966340,1784966400306,1784966400306,306,0
stpRNG2,1784966340,1784966400307,1784966400307,307,0
stpRNG3,1784966340,1784966400308,1784966400308,308,0
stpRNG,1784966400,1784966460306,1784966460307,306,1
stpRNG4,1784966400,1784966460308,1784966460309,308,1
RDBULL,1784966400,1784966460309,1784966460310,309,1
stpRNG3,1784966400,1784966460310,1784966460311,310,1
stpRNG2,1784966400,1784966460311,1784966460311,311,0
stpRNG5,1784966400,1784966460312,1784966460312,312,0
stpRNG4,1784966460,1784966520365,1784966520366,365,1
stpRNG,1784966460,1784966520367,1784966520368,367,1
stpRNG3,1784966460,1784966520370,1784966520370,370,0
stpRNG2,1784966460,1784966520371,1784966520371,371,0
stpRNG5,1784966460,1784966520372,1784966520372,372,0
RDBULL,1784966460,1784966520373,1784966520373,373,0
stpRNG4,1784966520,1784966580366,1784966580368,366,2
stpRNG,1784966520,1784966580369,1784966580370,369,1
stpRNG3,1784966520,1784966580370,1784966580370,370,0
stpRNG5,1784966520,1784966580374,1784966580374,374,0
stpRNG2,1784966520,1784966580375,1784966580375,375,0
RDBULL,1784966520,1784966580376,1784966580376,376,0
stpRNG5,1784966580,1784966640362,1784966640363,362,1
stpRNG2,1784966580,1784966640365,1784966640366,365,1
stpRNG3,1784966580,1784966640368,1784966640369,368,1
RDBULL,1784966580,1784966640369,1784966640369,369,0
stpRNG4,1784966580,1784966640370,1784966640371,370,1
stpRNG,1784966580,1784966640371,1784966640371,371,0
RDBULL,1784966640,1784966700295,1784966700295,295,0
stpRNG3,1784966640,1784966700297,1784966700298,297,1
stpRNG5,1784966640,1784966700299,1784966700300,299,1
stpRNG2,1784966640,1784966700301,1784966700301,301,0
stpRNG,1784966640,1784966700302,1784966700302,302,0
stpRNG4,1784966640,1784966700302,1784966700303,302,1
stpRNG4,1784966700,1784966760271,1784966760271,271,0
stpRNG,1784966700,1784966760272,1784966760272,272,0
stpRNG2,1784966700,1784966760274,1784966760275,274,1
stpRNG5,1784966700,1784966760275,1784966760276,275,1
stpRNG3,1784966700,1784966760276,1784966760277,276,1
RDBULL,1784966700,1784966760277,1784966760278,277,1
stpRNG5,1784966760,1784966820268,1784966820268,268,0
stpRNG2,1784966760,1784966820270,1784966820270,270,0
stpRNG3,1784966760,1784966820271,1784966820271,271,0
RDBULL,1784966760,1784966820274,1784966820274,274,0
stpRNG4,1784966760,1784966820276,1784966820277,276,1
stpRNG,1784966760,1784966820278,1784966820278,278,0
stpRNG4,1784966820,1784966880339,1784966880340,339,1
stpRNG,1784966820,1784966880341,1784966880342,341,1
stpRNG3,1784966820,1784966880344,1784966880345,344,1
stpRNG2,1784966820,1784966880346,1784966880347,346,1
stpRNG5,1784966820,1784966880349,1784966880349,349,0
RDBULL,1784966820,1784966880350,1784966880350,350,0
stpRNG2,1784966880,1784966940294,1784966940295,294,1
stpRNG5,1784966880,1784966940296,1784966940296,296,0
stpRNG3,1784966880,1784966940297,1784966940298,297,1
RDBULL,1784966880,1784966940298,1784966940299,298,1
stpRNG4,1784966880,1784966940299,1784966940300,299,1
stpRNG,1784966880,1784966940300,1784966940301,300,1
stpRNG2,1784966940,1784967000262,1784967000264,262,2
stpRNG5,1784966940,1784967000265,1784967000266,265,1
stpRNG3,1784966940,1784967000269,1784967000269,269,0
RDBULL,1784966940,1784967000271,1784967000272,271,1
stpRNG4,1784966940,1784967000276,1784967000277,276,1
stpRNG,1784966940,1784967000279,1784967000280,279,1
RDBULL,1784967000,1784967060589,1784967060590,589,1
stpRNG3,1784967000,1784967060593,1784967060594,593,1
stpRNG2,1784967000,1784967060595,1784967060595,595,0
stpRNG5,1784967000,1784967060596,1784967060597,596,1
stpRNG,1784967000,1784967060597,1784967060598,597,1
stpRNG4,1784967000,1784967060598,1784967060599,598,1
stpRNG,1784967060,1784967120286,1784967120287,286,1
stpRNG4,1784967060,1784967120288,1784967120288,288,0
RDBULL,1784967060,1784967120290,1784967120290,290,0
stpRNG5,1784967060,1784967120291,1784967120292,291,1
stpRNG2,1784967060,1784967120293,1784967120294,293,1
stpRNG3,1784967060,1784967120295,1784967120296,295,1
stpRNG,1784967120,1784967180349,1784967180349,349,0
stpRNG4,1784967120,1784967180350,1784967180351,350,1
RDBULL,1784967120,1784967180352,1784967180352,352,0
stpRNG3,1784967120,1784967180353,1784967180353,353,0
stpRNG2,1784967120,1784967180354,1784967180355,354,1
stpRNG5,1784967120,1784967180356,1784967180357,356,1
RDBULL,1784967180,1784967240323,1784967240324,323,1
stpRNG2,1784967180,1784967240326,1784967240328,326,2
stpRNG5,1784967180,1784967240329,1784967240329,329,0
stpRNG3,1784967180,1784967240330,1784967240330,330,0
stpRNG,1784967180,1784967240331,1784967240331,331,0
stpRNG4,1784967180,1784967240331,1784967240332,331,1
stpRNG2,1784967240,1784967300335,1784967300336,335,1
stpRNG5,1784967240,1784967300337,1784967300338,337,1
stpRNG3,1784967240,1784967300339,1784967300340,339,1
RDBULL,1784967240,1784967300341,1784967300341,341,0
stpRNG4,1784967240,1784967300342,1784967300342,342,0
stpRNG,1784967240,1784967300343,1784967300343,343,0
stpRNG5,1784967300,1784967360281,1784967360282,281,1
stpRNG2,1784967300,1784967360283,1784967360284,283,1
stpRNG3,1784967300,1784967360285,1784967360285,285,0
RDBULL,1784967300,1784967360286,1784967360287,286,1
stpRNG4,1784967300,1784967360288,1784967360288,288,0
stpRNG,1784967300,1784967360289,1784967360289,289,0
stpRNG,1784967360,1784967420307,1784967420308,307,1
stpRNG4,1784967360,1784967420310,1784967420311,310,1
RDBULL,1784967360,1784967420313,1784967420314,313,1
stpRNG2,1784967360,1784967420316,1784967420317,316,1
stpRNG5,1784967360,1784967420319,1784967420320,319,1
stpRNG3,1784967360,1784967420321,1784967420322,321,1
stpRNG5,1784967420,1784967480354,1784967480355,354,1
stpRNG2,1784967420,1784967480357,1784967480359,357,2
stpRNG3,1784967420,1784967480360,1784967480362,360,2
RDBULL,1784967420,1784967480363,1784967480364,363,1
stpRNG4,1784967420,1784967480366,1784967480366,366,0
stpRNG,1784967420,1784967480367,1784967480368,367,1
stpRNG2,1784967480,1784967540321,1784967540321,321,0
stpRNG5,1784967480,1784967540322,1784967540323,322,1
stpRNG3,1784967480,1784967540323,1784967540324,323,1
RDBULL,1784967480,1784967540324,1784967540325,324,1
stpRNG4,1784967480,1784967540325,1784967540326,325,1
stpRNG,1784967480,1784967540326,1784967540327,326,1
RDBULL,1784967540,1784967600348,1784967600348,348,0
stpRNG3,1784967540,1784967600349,1784967600349,349,0
stpRNG5,1784967540,1784967600350,1784967600351,350,1
stpRNG2,1784967540,1784967600351,1784967600352,351,1
stpRNG,1784967540,1784967600352,1784967600353,352,1
stpRNG4,1784967540,1784967600353,1784967600354,353,1
stpRNG2,1784967600,1784967660274,1784967660275,274,1
stpRNG5,1784967600,1784967660277,1784967660277,277,0
stpRNG3,1784967600,1784967660279,1784967660280,279,1
RDBULL,1784967600,1784967660281,1784967660282,281,1
stpRNG4,1784967600,1784967660284,1784967660284,284,0
stpRNG,1784967600,1784967660286,1784967660287,286,1
stpRNG4,1784967660,1784967720288,1784967720289,288,1
stpRNG,1784967660,1784967720290,1784967720292,290,2
stpRNG3,1784967660,1784967720293,1784967720294,293,1
stpRNG5,1784967660,1784967720296,1784967720297,296,1
stpRNG2,1784967660,1784967720298,1784967720299,298,1
RDBULL,1784967660,1784967720300,1784967720301,300,1
stpRNG4,1784967720,1784967780309,1784967780310,309,1
stpRNG,1784967720,1784967780311,1784967780312,311,1
stpRNG5,1784967720,1784967780313,1784967780314,313,1
stpRNG2,1784967720,1784967780315,1784967780316,315,1
stpRNG3,1784967720,1784967780317,1784967780318,317,1
RDBULL,1784967720,1784967780319,1784967780320,319,1
stpRNG4,1784967780,1784967840306,1784967840307,306,1
stpRNG,1784967780,1784967840308,1784967840310,308,2
stpRNG3,1784967780,1784967840312,1784967840313,312,1
stpRNG5,1784967780,1784967840314,1784967840314,314,0
stpRNG2,1784967780,1784967840315,1784967840315,315,0
RDBULL,1784967780,1784967840316,1784967840316,316,0
stpRNG5,1784967840,1784967900340,1784967900340,340,0
stpRNG2,1784967840,1784967900342,1784967900343,342,1
stpRNG3,1784967840,1784967900344,1784967900345,344,1
RDBULL,1784967840,1784967900346,1784967900346,346,0
stpRNG4,1784967840,1784967900347,1784967900347,347,0
stpRNG,1784967840,1784967900348,1784967900348,348,0
RDBULL,1784967900,1784967960282,1784967960283,282,1
stpRNG3,1784967900,1784967960284,1784967960286,284,2
stpRNG5,1784967900,1784967960287,1784967960288,287,1
stpRNG2,1784967900,1784967960289,1784967960289,289,0
stpRNG,1784967900,1784967960290,1784967960291,290,1
stpRNG4,1784967900,1784967960291,1784967960292,291,1
RDBULL,1784967960,1784968020274,1784968020274,274,0
stpRNG3,1784967960,1784968020275,1784968020276,275,1
stpRNG5,1784967960,1784968020276,1784968020277,276,1
stpRNG2,1784967960,1784968020277,1784968020278,277,1
stpRNG,1784967960,1784968020278,1784968020279,278,1
stpRNG4,1784967960,1784968020279,1784968020280,279,1
stpRNG3,1784968020,1784968080325,1784968080326,325,1
stpRNG5,1784968020,1784968080327,1784968080329,327,2
stpRNG2,1784968020,1784968080330,1784968080331,330,1
RDBULL,1784968020,1784968080333,1784968080335,333,2
stpRNG4,1784968020,1784968080336,1784968080337,336,1
stpRNG,1784968020,1784968080338,1784968080338,338,0
stpRNG2,1784968080,1784968140350,1784968140351,350,1
stpRNG5,1784968080,1784968140353,1784968140354,353,1
stpRNG3,1784968080,1784968140355,1784968140357,355,2
RDBULL,1784968080,1784968140359,1784968140360,359,1
stpRNG4,1784968080,1784968140362,1784968140363,362,1
stpRNG,1784968080,1784968140364,1784968140365,364,1
stpRNG5,1784968140,1784968200318,1784968200318,318,0
stpRNG2,1784968140,1784968200320,1784968200321,320,1
stpRNG3,1784968140,1784968200323,1784968200324,323,1
RDBULL,1784968140,1784968200325,1784968200326,325,1
stpRNG4,1784968140,1784968200328,1784968200328,328,0
stpRNG,1784968140,1784968200330,1784968200330,330,0
stpRNG4,1784968200,1784968260331,1784968260333,331,2
stpRNG,1784968200,1784968260335,1784968260336,335,1
stpRNG2,1784968200,1784968260337,1784968260338,337,1
stpRNG5,1784968200,1784968260339,1784968260339,339,0
stpRNG3,1784968200,1784968260340,1784968260340,340,0
RDBULL,1784968200,1784968260341,1784968260341,341,0
stpRNG,1784968260,1784968320337,1784968320338,337,1
stpRNG4,1784968260,1784968320340,1784968320341,340,1
RDBULL,1784968260,1784968320342,1784968320343,342,1
stpRNG3,1784968260,1784968320345,1784968320345,345,0
stpRNG5,1784968260,1784968320346,1784968320346,346,0
stpRNG2,1784968260,1784968320347,1784968320347,347,0
stpRNG4,1784968320,1784968380283,1784968380284,283,1
stpRNG,1784968320,1784968380286,1784968380287,286,1
stpRNG3,1784968320,1784968380288,1784968380289,288,1
stpRNG2,1784968320,1784968380291,1784968380291,291,0
stpRNG5,1784968320,1784968380293,1784968380293,293,0
RDBULL,1784968320,1784968380294,1784968380294,294,0
RDBULL,1784968380,1784968440248,1784968440249,248,1
stpRNG3,1784968380,1784968440251,1784968440253,251,2
stpRNG2,1784968380,1784968440254,1784968440255,254,1
stpRNG5,1784968380,1784968440256,1784968440257,256,1
stpRNG,1784968380,1784968440257,1784968440258,257,1
stpRNG4,1784968380,1784968440258,1784968440259,258,1
stpRNG2,1784968440,1784968500226,1784968500227,226,1
stpRNG5,1784968440,1784968500229,1784968500230,229,1
stpRNG3,1784968440,1784968500232,1784968500233,232,1
RDBULL,1784968440,1784968500234,1784968500235,234,1
stpRNG4,1784968440,1784968500236,1784968500237,236,1
stpRNG,1784968440,1784968500239,1784968500240,239,1
stpRNG4,1784968500,1784968560338,1784968560339,338,1
stpRNG,1784968500,1784968560341,1784968560343,341,2
stpRNG3,1784968500,1784968560344,1784968560345,344,1
stpRNG2,1784968500,1784968560345,1784968560346,345,1
stpRNG5,1784968500,1784968560347,1784968560347,347,0
RDBULL,1784968500,1784968560348,1784968560348,348,0
stpRNG,1784968560,1784968620274,1784968620274,274,0
stpRNG4,1784968560,1784968620276,1784968620277,276,1
RDBULL,1784968560,1784968620279,1784968620279,279,0
stpRNG3,1784968560,1784968620281,1784968620282,281,1
stpRNG2,1784968560,1784968620283,1784968620284,283,1
stpRNG5,1784968560,1784968620286,1784968620287,286,1
RDBULL,1784968620,1784968680349,1784968680350,349,1
stpRNG3,1784968620,1784968680352,1784968680354,352,2
stpRNG5,1784968620,1784968680355,1784968680356,355,1
stpRNG2,1784968620,1784968680357,1784968680358,357,1
stpRNG,1784968620,1784968680359,1784968680360,359,1
stpRNG4,1784968620,1784968680361,1784968680362,361,1
RDBULL,1784968680,1784968740330,1784968740331,330,1
stpRNG3,1784968680,1784968740334,1784968740335,334,1
stpRNG2,1784968680,1784968740336,1784968740337,336,1
stpRNG5,1784968680,1784968740339,1784968740340,339,1
stpRNG,1784968680,1784968740342,1784968740343,342,1
stpRNG4,1784968680,1784968740345,1784968740346,345,1
stpRNG,1784968740,1784968800335,1784968800336,335,1
stpRNG4,1784968740,1784968800337,1784968800339,337,2
RDBULL,1784968740,1784968800340,1784968800341,340,1
stpRNG5,1784968740,1784968800342,1784968800343,342,1
stpRNG2,1784968740,1784968800344,1784968800344,344,0
stpRNG3,1784968740,1784968800345,1784968800346,345,1
RDBULL,1784968800,1784968860335,1784968860337,335,2
stpRNG3,1784968800,1784968860338,1784968860339,338,1
stpRNG2,1784968800,1784968860340,1784968860340,340,0
stpRNG5,1784968800,1784968860341,1784968860341,341,0
stpRNG,1784968800,1784968860342,1784968860342,342,0
stpRNG4,1784968800,1784968860343,1784968860343,343,0
RDBULL,1784968860,1784968920286,1784968920287,286,1
stpRNG3,1784968860,1784968920288,1784968920289,288,1
stpRNG5,1784968860,1784968920290,1784968920291,290,1
stpRNG2,1784968860,1784968920291,1784968920292,291,1
stpRNG,1784968860,1784968920293,1784968920293,293,0
stpRNG4,1784968860,1784968920294,1784968920296,294,2
RDBULL,1784968920,1784968980284,1784968980287,284,3
stpRNG5,1784968920,1784968980289,1784968980290,289,1
stpRNG2,1784968920,1784968980291,1784968980291,291,0
stpRNG3,1784968920,1784968980292,1784968980292,292,0
stpRNG,1784968920,1784968980293,1784968980294,293,1
stpRNG4,1784968920,1784968980294,1784968980294,294,0
stpRNG3,1784968980,1784969040268,1784969040269,268,1
stpRNG5,1784968980,1784969040270,1784969040272,270,2
stpRNG2,1784968980,1784969040274,1784969040275,274,1
RDBULL,1784968980,1784969040276,1784969040276,276,0
stpRNG4,1784968980,1784969040277,1784969040277,277,0
stpRNG,1784968980,1784969040278,1784969040278,278,0
stpRNG,1784969040,1784969100300,1784969100301,300,1
stpRNG4,1784969040,1784969100302,1784969100303,302,1
RDBULL,1784969040,1784969100304,1784969100304,304,0
stpRNG5,1784969040,1784969100305,1784969100305,305,0
stpRNG2,1784969040,1784969100306,1784969100306,306,0
stpRNG3,1784969040,1784969100308,1784969100309,308,1
stpRNG3,1784969100,1784969160343,1784969160343,343,0
stpRNG5,1784969100,1784969160344,1784969160345,344,1
stpRNG2,1784969100,1784969160346,1784969160346,346,0
RDBULL,1784969100,1784969160347,1784969160347,347,0
stpRNG4,1784969100,1784969160348,1784969160349,348,1
stpRNG,1784969100,1784969160349,1784969160350,349,1
RDBULL,1784969160,1784969220300,1784969220301,300,1
stpRNG2,1784969160,1784969220301,1784969220302,301,1
stpRNG5,1784969160,1784969220303,1784969220303,303,0
stpRNG3,1784969160,1784969220304,1784969220304,304,0
stpRNG,1784969160,1784969220305,1784969220305,305,0
stpRNG4,1784969160,1784969220306,1784969220306,306,0
stpRNG,1784969220,1784969280277,1784969280278,277,1
stpRNG4,1784969220,1784969280278,1784969280279,278,1
RDBULL,1784969220,1784969280279,1784969280280,279,1
stpRNG2,1784969220,1784969280280,1784969280281,280,1
stpRNG5,1784969220,1784969280281,1784969280281,281,0
stpRNG3,1784969220,1784969280282,1784969280282,282,0
RDBULL,1784969280,1784969340245,1784969340247,245,2
stpRNG5,1784969280,1784969340249,1784969340250,249,1
stpRNG2,1784969280,1784969340251,1784969340253,251,2
stpRNG3,1784969280,1784969340254,1784969340255,254,1
stpRNG,1784969280,1784969340257,1784969340258,257,1
stpRNG4,1784969280,1784969340259,1784969340260,259,1
stpRNG,1784969340,1784969400231,1784969400232,231,1
stpRNG4,1784969340,1784969400234,1784969400235,234,1
RDBULL,1784969340,1784969400237,1784969400238,237,1
stpRNG3,1784969340,1784969400240,1784969400241,240,1
stpRNG2,1784969340,1784969400242,1784969400243,242,1
stpRNG5,1784969340,1784969400244,1784969400245,244,1
RDBULL,1784969400,1784969460286,1784969460287,286,1
stpRNG3,1784969400,1784969460289,1784969460290,289,1
stpRNG5,1784969400,1784969460291,1784969460292,291,1
stpRNG2,1784969400,1784969460292,1784969460293,292,1
stpRNG,1784969400,1784969460293,1784969460294,293,1
stpRNG4,1784969400,1784969460294,1784969460295,294,1
